Frame No.,Time ,Local Temp [degC],Position x [cm],Position y [cm],Dist Opt [cm],Dist Opt Avg [cm],T Opt [degC]
1,17:57:35,28.2,41.4,28.4,41.4,41.4,35.6
2,17:57:36,28.1,42.2,29.9,42.2,41.8,35.6
3,17:57:37,28,43.4,30.3,43.4,42.4,35.6
4,17:57:38,28.1,44.9,31.3,44.9,43,35.6
5,17:57:39,28.4,45.6,32.3,45.7,43.5,35.6
6,17:57:40,28.8,46,33.9,46.2,44,35.6
7,17:57:41,28.7,46.8,35.1,47.1,44.4,35.8
8,17:57:42,28.6,47.1,35.5,47.4,44.8,35.8
9,17:57:43,28.8,46.8,37.1,47.4,45.1,35.8
10,17:57:44,28.7,47,38.9,47.8,45.4,35.8
11,17:57:45,28.9,46.4,40.3,47.5,46,35.8
12,17:57:46,28.9,45.5,41.5,46.9,46.4,36.1
13,17:57:47,29,45.4,42.7,47.1,46.8,36.1
14,17:57:48,28.9,46,43.8,48.1,47.1,36.1
15,17:57:49,28.4,47,45.3,49.4,47.5,36.1
16,17:57:50,28.3,46.7,45.7,49.3,47.8,36.1
17,17:57:51,28.3,47.2,46.5,50,48.1,36.1
18,17:57:52,28.1,48.4,47.4,51.5,48.5,36.1
19,17:57:53,28.1,49.5,48.3,52.7,49,36.1
20,17:57:54,28.1,50.7,49.4,54.3,49.7,36.1
21,17:57:55,28.1,51.3,50.6,55.3,50.4,36.1
22,17:57:56,28.2,50.8,51.4,55.1,51.3,36.3
23,17:57:57,28.2,50.4,51.7,54.8,52,36.3
24,17:57:58,28,49.3,52.7,54.3,52.7,36.3
25,17:57:59,27.9,48.3,53.7,53.8,53.1,36.3
26,17:58:00,27.9,47,54.3,52.9,53.5,36.3
27,17:58:01,27.8,46,54.4,52.1,53.7,36.3
28,17:58:02,27.6,44.6,54.1,50.7,53.6,36.3
29,17:58:03,27.8,43,54,49.2,53.3,36.3
30,17:58:04,28.1,41.5,54.5,48.2,52.6,36.3
31,17:58:05,28.3,40.4,54.7,47.4,51.9,36.3
32,17:58:06,28.5,39.8,54.3,46.6,51,36.4
33,17:58:07,28.5,39.8,54.4,46.7,50.2,36.4
34,17:58:08,28.5,39.7,54.5,46.7,49.4,36.4
35,17:58:09,28.6,39.4,54.7,46.5,48.7,36.4
36,17:58:10,28.6,39,55.5,46.6,48.1,36.4
37,17:58:11,28.5,37.9,56.2,46.1,47.5,36.4
38,17:58:12,28.5,36.9,56.3,45.3,46.9,36.4
39,17:58:13,28.7,35.3,56.2,43.9,46.4,36.4
40,17:58:14,28.8,34.3,55.8,42.9,45.9,36.4
41,17:58:15,28.9,33.7,54.5,41.7,45.3,36.4
42,17:58:16,28.9,33,53.8,40.7,44.7,36.3
43,17:58:17,28.9,31.6,53.5,39.4,44,36.3
44,17:58:18,28.9,30.9,52.6,38.3,43.1,36.3
45,17:58:19,28.9,29.1,52,36.5,42.1,36.3
46,17:58:20,28.9,27.8,52.4,35.7,41,36.3
47,17:58:21,29.1,26.7,52.5,34.9,39.9,36.2
48,17:58:22,29.2,25.2,52.6,33.9,38.8,36.2
49,17:58:23,29.2,23.9,52.4,32.8,37.7,36.2
50,17:58:24,29.3,22.6,52.3,31.7,36.6,36.2
51,17:58:25,29.4,21.3,51.9,30.6,35.4,36.3
52,17:58:26,29.6,19.8,51.7,29.4,34.3,36.3
53,17:58:27,29.9,18.6,51.3,28.3,33.2,36.3
54,17:58:28,30.3,17.2,50.5,26.8,32.1,36.3
55,17:58:29,30.8,16.2,49.4,25.3,30.9,36.3
56,17:58:30,31.2,14.7,48.6,23.8,29.7,36.3
57,17:58:31,31.2,13.3,48.4,22.7,28.5,36.2
58,17:58:32,31.3,12,48.6,22.2,27.3,36.2
59,17:58:33,31.3,11.1,48.3,21.4,26.2,36.2
60,17:58:34,31.5,10.3,48,20.7,25.1,36.2
61,17:58:35,31.5,9.4,48.3,20.6,24.1,36.2
62,17:58:36,31.3,9.4,48.3,20.6,23.2,36.3
63,17:58:37,31.5,8.6,47.6,19.6,22.4,36.3
64,17:58:38,31.6,7.9,46.3,18.1,21.5,36.3
65,17:58:39,31.8,7.1,45.1,16.7,20.6,36.3
66,17:58:40,32.4,6.1,43.8,15.1,19.8,36.3
67,17:58:41,32.6,5.3,42.3,13.4,18.8,36.3
68,17:58:42,33,5,41.1,12.1,17.8,36.3
69,17:58:43,33.1,5.7,40.3,11.8,16.9,36.3
70,17:58:44,33.5,6.2,39.2,11.1,15.9,36.3
71,17:58:45,33.9,6.7,38.1,10.5,14.9,36.3
72,17:58:46,34.1,7.7,37.6,10.8,13.9,36.2
73,17:58:47,33.8,8.7,37.9,11.8,13.1,36.2
74,17:58:48,33.5,10,38.3,13,12.6,36.2
75,17:58:49,32.5,11.6,38.2,14.2,12.4,36.2
76,17:58:50,32.8,13,37.6,15.1,12.4,36
77,17:58:51,32.6,14.3,37.9,16.3,12.7,36
78,17:58:52,32.5,14.6,38,16.7,13.1,36
79,17:58:53,32.6,15.1,37.7,16.9,13.6,36
80,17:58:54,32.4,16,37.8,17.8,14.3,36
81,17:58:55,32.2,17.1,38.4,19.1,15.2,36
82,17:58:56,32.2,18.4,39.2,20.5,16.1,36.2
83,17:58:57,32.1,18.5,40,21,17.1,36.2
84,17:58:58,32.1,17.6,41.2,20.8,17.8,36.2
85,17:58:59,31.9,17.2,42.8,21.5,18.6,36.2
86,17:59:00,31,17,44.6,22.4,19.3,36.2
87,17:59:01,31.1,16.1,46,22.7,19.9,36.1
88,17:59:02,31.2,14.3,46.6,21.9,20.5,36.1
89,17:59:03,31.2,12.9,47.2,21.5,20.9,36.1
90,17:59:04,31.6,11.7,46.5,20.2,21.2,36.1
91,17:59:05,32.2,10.5,45.3,18.6,21.1,36.1
92,17:59:06,32.4,10,43.8,17,20.8,35.9
93,17:59:07,32.6,9.2,42.3,15.4,20.2,35.9
94,17:59:08,32.8,8.6,41.6,14.4,19.6,35.9
95,17:59:09,33.1,8.8,40.5,13.8,18.8,35.9
96,17:59:10,33.1,9.8,40.1,14,18,36.1
97,17:59:11,32.6,10.7,40,14.6,17.1,36.1
98,17:59:12,32.8,11.9,39.3,15.1,16.5,36.1
99,17:59:13,32.7,12.9,39.4,16,15.9,36.1
100,17:59:14,32.7,14.2,39.3,16.9,15.6,36.1
101,17:59:15,32.8,15.2,38.8,17.6,15.5,36.1
102,17:59:16,32.9,15.3,38.9,17.7,15.6,36.2
103,17:59:17,32.8,15.3,39.3,17.9,15.8,36.2
104,17:59:18,32.7,15.8,40.1,18.7,16.2,36.2
105,17:59:19,32.6,16.3,41.4,19.9,16.8,36.2
106,17:59:20,32.5,16,42.6,20.4,17.5,36.2
107,17:59:21,32.8,14.7,43.3,19.8,18,36.2
108,17:59:22,32.4,13.6,44.2,19.7,18.5,36.2
109,17:59:23,32.4,12.7,45.3,19.9,18.9,36.2
110,17:59:24,32.4,12.7,45.3,19.9,19.1,36.2
111,17:59:25,32.4,12.5,45.4,19.8,19.4,36.2
112,17:59:26,32.6,12.5,45.2,19.6,19.6,36
113,17:59:27,32.8,11.7,45.3,19.2,19.7,36
114,17:59:28,32.9,11.1,45.3,18.9,19.7,36
115,17:59:29,32.9,10.9,45.2,18.7,19.6,36
116,17:59:30,33,10.3,45.1,18.3,19.4,36
117,17:59:31,32.9,10.2,44.8,18,19.2,36
118,17:59:32,33,10.5,44.7,18.1,19,36
119,17:59:33,33,10.7,44.6,18.1,18.9,36
120,17:59:34,33,10.7,44.5,18,18.7,36
121,17:59:35,33,10.5,44.4,17.9,18.5,35.9
122,17:59:36,33,10.7,44.3,17.8,18.3,35.9
123,17:59:37,33,10.7,44.3,17.8,18.2,35.9
124,17:59:38,33,10.7,44.4,17.9,18.1,35.9
125,17:59:39,33,10.7,44.4,17.9,18,35.9
126,17:59:40,33,10.7,44.4,17.9,18,35.9
127,17:59:41,32.9,10.7,44.5,18,18,35.8
128,17:59:42,32.9,10.9,44.3,18,17.9,35.8
129,17:59:43,32.9,11,44.4,18.1,18,35.8
130,17:59:44,32.8,11.1,44.6,18.4,18,35.8
131,17:59:45,32.7,11.8,44.8,19,18.1,35.8
132,17:59:46,32.4,13,45.8,20.5,18.4,35.9
133,17:59:47,31.7,13.7,47.2,22,18.8,35.9
134,17:59:48,31.5,13.7,48,22.6,19.2,35.9
135,17:59:49,31.5,13.4,48,22.4,19.7,35.9
136,17:59:50,31.4,13.3,48.1,22.4,20.1,35.9
137,17:59:51,31.2,13.3,48.5,22.8,20.6,35.8
138,17:59:52,31.2,13.5,48.7,23.1,21.1,35.8
139,17:59:53,31.1,14,49.6,24,21.7,35.8
140,17:59:54,31,14.5,49.9,24.6,22.3,35.8
141,17:59:55,31,14,50.2,24.6,22.9,35.8
142,17:59:56,30.2,14.2,51.7,25.9,23.5,35.8
143,17:59:57,30.2,13.4,52.7,26.4,23.9,35.8
144,17:59:58,30.3,12.6,52.9,26.2,24.2,35.8
145,17:59:59,30.1,13.5,53.6,27.2,24.7,35.8
146,18:00:00,29.8,15.3,54.4,28.8,25.4,35.9
147,18:00:01,29.5,16.9,55.5,30.6,26.1,35.9
148,18:00:02,29.2,18.6,55.4,31.5,27,35.9
149,18:00:03,29,20.9,55.3,32.8,27.8,35.9
150,18:00:04,28.9,22.7,54.7,33.6,28.7,35.9
151,18:00:05,29,23.4,54.1,33.6,29.6,35.9
152,18:00:06,29.4,22.3,52.6,31.8,30.2,35.9
153,18:00:07,29.5,21.8,51.8,30.8,30.7,35.9
154,18:00:08,29.5,21,50.7,29.5,31,35.9
155,18:00:09,29.8,20.9,48.6,28,31.1,35.9
156,18:00:10,30,20.1,46.9,26.3,30.8,35.9
157,18:00:11,30.4,18.5,45.9,24.4,30.2,35.8
158,18:00:12,30.9,16.8,45.1,22.5,29.3,35.8
159,18:00:13,31.4,15,44.2,20.6,28.1,35.8
160,18:00:14,32.2,13.8,43.9,19.6,26.7,35.8
161,18:00:15,32.2,13.2,43.5,18.8,25.2,35.8
162,18:00:16,32,12.6,42.9,18.1,23.9,35.9
163,18:00:17,32,12,43.1,17.7,22.6,35.9
164,18:00:18,32,11.7,42.9,17.4,21.4,35.9
165,18:00:19,32,11.3,42.9,17.2,20.3,35.9
166,18:00:20,32.2,10.8,42.5,16.5,19.3,35.9
167,18:00:21,32.3,10.5,42,16,18.5,35.9
168,18:00:22,32.3,10.1,42.6,16.2,17.8,35.9
169,18:00:23,32.3,9.8,42.9,16.2,17.4,35.9
170,18:00:24,32.3,9.4,42.8,15.9,17,35.9
171,18:00:25,32.5,9.4,42.8,15.9,16.7,36
172,18:00:26,32.5,9.2,42.9,15.9,16.5,36
173,18:00:27,32.6,9.1,42.4,15.4,16.3,36
174,18:00:28,32.7,8.6,42.3,15,16,36
175,18:00:29,32.7,8.2,42.2,14.7,15.8,36
176,18:00:30,32.9,7.1,42.5,14.4,15.6,36
177,18:00:31,32.9,7.1,42.4,14.3,15.4,36.2
178,18:00:32,32.9,7.3,42.4,14.4,15.2,36.2
179,18:00:33,32.9,7.3,42.4,14.4,15,36.2
180,18:00:34,32.9,7.1,42.3,14.2,14.9,36.2
181,18:00:35,32.9,7,42.3,14.2,14.7,36.2
182,18:00:36,32.7,7,42.2,14.1,14.5,36.3
183,18:00:37,32.8,7,42.1,14,14.4,36.3
184,18:00:38,32.8,6.9,41.9,13.8,14.2,36.3
185,18:00:39,33,6.7,41.3,13.1,14.1,36.3
186,18:00:40,33.2,6.8,40.8,12.8,13.9,36.3
187,18:00:41,33.2,6.8,40.7,12.7,13.8,36.2
188,18:00:42,33.3,6.2,40.9,12.6,13.6,36.2
189,18:00:43,33.3,6.5,40.7,12.5,13.4,36.2
190,18:00:44,33.3,6.8,40.4,12.4,13.2,36.2
191,18:00:45,33.3,6.9,40.3,12.4,13,36.1
192,18:00:46,33.3,7,40.3,12.5,12.9,36.1
193,18:00:47,33.3,6.9,40.3,12.4,12.7,36.1
194,18:00:48,33.3,7,40.3,12.5,12.6,36.1
195,18:00:49,33.3,6.9,40.2,12.3,12.5,36.1
196,18:00:50,33.3,7,40.2,12.4,12.5,36.1
197,18:00:51,33.3,6.9,40.1,12.2,12.4,36.3
198,18:00:52,33.3,6.9,40,12.2,12.4,36.3
199,18:00:53,33.3,6.9,40.1,12.2,12.4,36.3
200,18:00:54,33.3,6.9,40.1,12.2,12.3,36.3
201,18:00:55,33.2,7.1,40,12.3,12.3,36.3
202,18:00:56,33.3,6.7,40,12,12.3,36.3
203,18:00:57,33.4,6.6,40,12,12.2,36.3
204,18:00:58,33.4,6.6,40,12,12.2,36.3
205,18:00:59,33.4,6.6,39.9,11.9,12.1,36.3
206,18:01:00,33.4,6.6,39.9,11.9,12.1,36.3
207,18:01:01,33.4,6.6,39.8,11.8,12,36.1
208,18:01:02,33.3,6.6,39.9,11.9,12,36.1
209,18:01:03,33.4,6.8,39.7,11.8,12,36.1
210,18:01:04,33.4,6.7,39.6,11.7,11.9,36.1
211,18:01:05,33.4,6.6,39.6,11.6,11.9,36.1
212,18:01:06,33.6,6.4,39.7,11.6,11.8,36
213,18:01:07,33.6,6.5,39.7,11.6,11.8,36
214,18:01:08,33.5,6.6,39.8,11.8,11.8,36
215,18:01:09,33.5,6.6,39.8,11.8,11.8,36
216,18:01:10,33.4,6.5,39.8,11.7,11.7,35.9
217,18:01:11,33.4,6.5,39.8,11.7,11.7,35.9
218,18:01:12,33.4,6.5,39.7,11.6,11.7,35.9
219,18:01:13,33.5,6.4,39.7,11.6,11.7,35.9
220,18:01:14,33.5,6.4,39.7,11.6,11.7,35.9
221,18:01:15,33.5,6.4,39.6,11.5,11.7,35.9
222,18:01:16,33.5,6.4,39.6,11.5,11.6,35.9
223,18:01:17,33.5,6.4,39.5,11.4,11.6,35.9
224,18:01:18,33.5,6.2,39.6,11.4,11.6,35.9
225,18:01:19,33.5,6.4,39.5,11.4,11.5,35.9
226,18:01:20,33.5,6.2,39.6,11.4,11.5,35.9
227,18:01:21,33.6,6.1,39.5,11.3,11.5,36
228,18:01:22,33.7,6,39.4,11.1,11.4,36
229,18:01:23,33.7,6,39.5,11.2,11.4,36
230,18:01:24,33.7,6,39.5,11.2,11.4,36
231,18:01:25,33.7,6,39.5,11.2,11.3,35.9
232,18:01:26,33.7,6,39.5,11.2,11.3,35.9
233,18:01:27,33.7,6,39.5,11.2,11.3,35.9
234,18:01:28,33.8,5.9,39.4,11.1,11.2,35.9
235,18:01:29,33.8,6.1,39.4,11.2,11.2,35.9
236,18:01:30,33.6,6.5,39.6,11.6,11.2,35.7
237,18:01:31,33.7,6.2,39.4,11.3,11.2,35.7
238,18:01:32,34.2,5.9,38.2,10.1,11.1,35.7
239,18:01:33,34.5,5.4,37.4,9.2,10.9,35.7
240,18:01:34,34.5,5.3,37.4,9.1,10.7,35.7
241,18:01:35,34.7,5.6,37.2,9.1,10.5,36
242,18:01:36,34.8,5.3,37.1,8.8,10.3,36
243,18:01:37,34.8,5.3,36.9,8.8,10,36
244,18:01:38,34.8,5.3,37.1,8.8,9.8,36
245,18:01:39,34.8,5.1,37.1,8.7,9.5,36
246,18:01:40,34.9,5.6,36.7,8.7,9.3,36
247,18:01:41,34.7,5.6,36.7,8.7,9,36.1
248,18:01:42,34.8,5.4,36.7,8.7,8.9,36.1
249,18:01:43,34.8,5.3,36.7,8.6,8.8,36.1
250,18:01:44,34.9,5.2,36.5,8.4,8.7,36.1
251,18:01:45,34.8,5.2,36.6,8.4,8.7,36.1
252,18:01:46,34.7,5.2,36.6,8.4,8.6,36.1
253,18:01:47,34.8,5.2,36.3,8.2,8.6,36.1
254,18:01:48,35,4.3,36,7.4,8.4,36.1
255,18:01:49,35.3,2.9,36.3,7,8.3,36.1
256,18:01:50,35.5,2.2,35.7,6.1,8,36.1
257,18:01:51,35.8,1.1,34.5,4.7,7.6,36.2
258,18:01:52,36,0.8,33.2,3.3,7,36.2
259,18:01:53,36.2,0.9,32.3,2.5,6.4,36.2
260,18:01:54,36.3,1.5,31.3,1.9,5.8,36.2
261,18:01:55,36.6,2.5,30.7,2.6,5.2,36.3
262,18:01:56,36.6,3.2,30.4,3.2,4.7,36.3
263,18:01:57,36.6,3.2,29.9,3.2,4.2,36.3
264,18:01:58,36.5,3.1,29.2,3.2,3.8,36.3
265,18:01:59,36.4,3.3,28,3.8,3.4,36.3
266,18:02:00,36.1,3.5,28,4,3.2,36.1
267,18:02:01,35.7,4.8,27.7,5.3,3.3,36.1
268,18:02:02,35.2,6,27.2,6.6,3.6,36.1
269,18:02:03,34.7,7.6,27.1,8.2,4.2,36.1
270,18:02:04,34.3,9.2,27.3,9.6,5,36.1
271,18:02:05,34.2,10.2,27.1,10.6,5.8,36.1
272,18:02:06,33.6,11.9,28.1,12.1,6.7,36.1
273,18:02:07,33.6,12.2,28.8,12.3,7.6,36.1
274,18:02:08,33.7,11.7,30.2,11.7,8.4,36.1
275,18:02:09,33.6,11.5,32,11.6,9.2,36.1
276,18:02:10,33.2,11.3,33.9,12,10,36.1
277,18:02:11,33.2,10.5,35.7,12,10.7,36.1
278,18:02:12,33.6,9.5,37.2,11.9,11.2,36.1
279,18:02:13,33.4,8.7,37.9,11.8,11.6,36.1
280,18:02:14,33.4,7.9,38.2,11.4,11.7,36.1
281,18:02:15,33.3,7.5,38.6,11.4,11.8,36.1
282,18:02:16,33.3,6.9,38.5,11,11.7,35.9
283,18:02:17,33.4,6.8,38.5,10.9,11.6,35.9
284,18:02:18,33.5,6.1,38.4,10.4,11.4,35.9
285,18:02:19,33.7,5.4,38.3,9.9,11.3,35.9
286,18:02:20,33.8,5.6,38.3,10,11.1,35.8
287,18:02:21,33.6,5.7,38.6,10.3,10.9,35.8
288,18:02:22,33.6,5.7,38.6,10.3,10.8,35.8
289,18:02:23,33.6,5.6,38.6,10.3,10.6,35.8
290,18:02:24,33.8,5.2,38.5,10,10.5,35.8
291,18:02:25,33.8,5.2,38.3,9.8,10.3,35.8
292,18:02:26,33.9,4.2,38.4,9.4,10.1,35.6
293,18:02:27,34.2,3.2,37.7,8.3,9.9,35.6
294,18:02:28,34.7,1.7,36.8,7.1,9.5,35.6
295,18:02:29,35,1.2,35.6,5.7,9.1,35.6
296,18:02:30,35,1.2,35.6,5.7,8.7,35.6
297,18:02:31,35.1,1.1,34.9,5.1,8.2,35.5
298,18:02:32,35.1,1.2,34.5,4.7,7.6,35.5
299,18:02:33,35.3,1.4,33.7,3.9,7,35.5
300,18:02:34,35.3,1.4,33.6,3.8,6.4,35.5
301,18:02:35,35.3,1.4,33.6,3.8,5.8,35.5
302,18:02:36,35.6,1.4,33.5,3.7,5.2,35.8
303,18:02:37,35.7,1.7,33.2,3.6,4.7,35.8
304,18:02:38,35.7,1.9,32.6,3.3,4.3,35.8
305,18:02:39,35.8,2.2,32.6,3.4,4.1,35.8
306,18:02:40,35.7,2.7,33.1,4.1,3.9,35.8
307,18:02:41,36,3.2,33.4,4.6,3.9,36
308,18:02:42,35.5,4.1,34.2,5.9,4,36
309,18:02:43,35.5,4.1,34.2,5.9,4.2,36
310,18:02:44,36,4,34.5,6,4.4,36
311,18:02:45,35.1,4.5,35.5,7.1,4.8,36
312,18:02:46,35,4.9,35.8,7.6,5.1,36
313,18:02:47,35,4.9,35.7,7.5,5.5,36
314,18:02:48,34.9,5,36.1,7.9,6,36
315,18:02:49,34.9,5,36.1,7.9,6.4,36
316,18:02:50,34.9,4.9,36.2,7.9,6.8,36
317,18:02:51,34.9,5,36.1,7.9,7.1,36
318,18:02:52,34.9,5,36.1,7.9,7.3,36
319,18:02:53,34.7,5.1,36.6,8.4,7.6,36
320,18:02:54,34.4,5.3,37.4,9.1,7.9,36
321,18:02:55,34.2,5.4,37.8,9.5,8.1,36
322,18:02:56,34.3,5.3,37.8,9.4,8.3,36
323,18:02:57,34.2,5.2,37.9,9.5,8.5,36
324,18:02:58,34.2,5,38.1,9.5,8.7,36
325,18:02:59,34.2,4.9,38.2,9.5,8.9,36
326,18:03:00,34.2,4.9,38.2,9.5,9,36
327,18:03:01,34.2,4.9,38.3,9.6,9.2,36
328,18:03:02,34.2,4.9,38.4,9.7,9.4,36
329,18:03:03,34.2,4.9,38.4,9.7,9.5,36
330,18:03:04,34.2,4.9,38.4,9.7,9.6,36
331,18:03:05,34.1,4.7,38.3,9.5,9.6,35.9
332,18:03:06,34,4.8,38.5,9.8,9.6,35.9
333,18:03:07,34,4.9,38.5,9.8,9.7,35.9
334,18:03:08,33.9,4.9,38.7,10,9.7,35.9
335,18:03:09,33.8,5.2,38.9,10.4,9.8,35.9
336,18:03:10,33.8,5.2,38.9,10.4,9.9,35.8
337,18:03:11,33.7,5,39.2,10.4,9.9,35.8
338,18:03:12,33.8,4.9,38.8,10.1,10,35.8
339,18:03:13,33.7,4.9,39.1,10.3,10,35.8
340,18:03:14,33.8,5,38.9,10.2,10.1,35.8
341,18:03:15,33.8,5,38.9,10.2,10.2,35.8
342,18:03:16,33.6,4.9,39.2,10.4,10.2,35.6
343,18:03:17,33.7,4.7,39.1,10.2,10.3,35.6
344,18:03:18,33.7,4.5,39.1,10.1,10.3,35.6
345,18:03:19,33.7,4.4,39.2,10.2,10.3,35.6
346,18:03:20,33.8,4.2,39.1,10,10.2,35.6
347,18:03:21,34.5,4,38.7,9.6,10.1,35.6
348,18:03:22,33.8,3.9,38.8,9.6,10.1,35.6
349,18:03:23,33.8,3.9,38.8,9.6,10,35.6
350,18:03:24,34,3.9,38.3,9.2,9.9,35.6
351,18:03:25,34.4,3.3,37.7,8.4,9.7,35.6
352,18:03:26,34.7,2.9,37.4,7.9,9.5,35.8
353,18:03:27,34.9,2.8,36.8,7.4,9.2,35.8
354,18:03:28,35.1,3.3,36.3,7.1,8.9,35.8
355,18:03:29,35.2,3.7,35.9,7,8.6,35.8
356,18:03:30,35.7,4,35.4,6.7,8.3,35.8
357,18:03:31,35,4.1,35.2,6.6,8,35.8
358,18:03:32,35.1,4.1,35.1,6.5,7.6,35.8
359,18:03:33,35.2,4.2,34.6,6.3,7.3,35.8
360,18:03:34,35.9,4,34.3,5.9,7,35.8
361,18:03:35,35.7,3.9,34.3,5.8,6.7,35.8
362,18:03:36,35.7,3.7,34.1,5.6,6.5,35.8
363,18:03:37,35.8,3.9,33.8,5.4,6.3,35.8
364,18:03:38,35.8,3.7,33.9,5.4,6.1,35.8
365,18:03:39,35.8,3.5,33.8,5.2,5.9,35.8
366,18:03:40,35.7,3.4,34.1,5.3,5.8,35.8
367,18:03:41,36.1,3.4,34,5.3,5.7,36.1
368,18:03:42,36,3.4,34.1,5.3,5.5,36.1
369,18:03:43,36,3.2,34.1,5.2,5.4,36.1
370,18:03:44,36,3.4,34.2,5.4,5.4,36.1
371,18:03:45,36,3.4,34.3,5.5,5.4,36.1
372,18:03:46,36.3,3.6,34.3,5.6,5.4,36.4
373,18:03:47,36.3,3.5,34.3,5.6,5.4,36.4
374,18:03:48,36.2,3.4,34.4,5.6,5.4,36.4
375,18:03:49,36.2,3.4,34.4,5.6,5.4,36.4
376,18:03:50,36.2,3.4,34.5,5.7,5.5,36.4
377,18:03:51,36.2,3.4,34.5,5.7,5.5,36.4
378,18:03:52,36.2,3.3,34.5,5.6,5.5,36.4
379,18:03:53,36.2,3.3,34.5,5.6,5.6,36.4
380,18:03:54,36.2,2.9,34.4,5.3,5.6,36.4
381,18:03:55,36.4,2.8,33.9,4.8,5.5,36.4
382,18:03:56,36.4,2.7,33.7,4.6,5.4,36.4
383,18:03:57,36.5,2.5,33.5,4.3,5.3,36.4
384,18:03:58,36.5,2.4,33.4,4.1,5.1,36.4
385,18:03:59,36.5,2.6,33.4,4.3,5,36.4
386,18:04:00,36.5,2.6,33.4,4.3,4.8,36.4
387,18:04:01,36.2,2.5,33.2,4,4.7,36.1
388,18:04:02,36.3,2.6,32.9,3.9,4.5,36.1
389,18:04:03,36.3,2.5,32.9,3.9,4.3,36.1
390,18:04:04,36.3,2.5,32.9,3.9,4.2,36.1
391,18:04:05,36.3,2.6,32.9,3.9,4.1,36.1
392,18:04:06,36.1,2.8,32.7,3.9,4,35.9
393,18:04:07,36.1,2.9,32.6,4,4,35.9
394,18:04:08,36.1,2.9,32.5,3.9,4,35.9
395,18:04:09,36.1,2.7,32.6,3.8,3.9,35.9
396,18:04:10,36,2.6,32.6,3.7,3.9,35.9
397,18:04:11,36,2.6,32.6,3.7,3.9,35.9
398,18:04:12,36,2.5,32.5,3.6,3.8,35.9
399,18:04:13,36,2.5,32.4,3.5,3.8,35.9
400,18:04:14,36,2.4,32.3,3.3,3.7,35.9
401,18:04:15,35.6,2.5,32.3,3.4,3.7,35.5
402,18:04:16,35.6,2.5,32.2,3.3,3.6,35.5
403,18:04:17,35.6,2.7,31.9,3.3,3.5,35.5
404,18:04:18,35.7,2.9,31.8,3.4,3.5,35.5
405,18:04:19,35.7,2.9,31.8,3.4,3.5,35.5
406,18:04:20,35.6,3.1,31.9,3.6,3.5,35.4
407,18:04:21,35.6,3.2,31.9,3.7,3.5,35.4
408,18:04:22,35.6,3.9,32,4.3,3.5,35.4
409,18:04:23,35.5,3.9,32.8,4.8,3.7,35.4
410,18:04:24,35.1,4.3,34.1,6,3.9,35.4
411,18:04:25,35,4.3,34.6,6.3,4.2,35.4
412,18:04:26,34.8,4.2,35.2,6.6,4.6,35.2
413,18:04:27,34.8,4.2,35.3,6.7,4.9,35.2
414,18:04:28,34.6,4.3,35.8,7.2,5.3,35.2
415,18:04:29,34.6,4.7,36,7.6,5.7,35.2
416,18:04:30,34.5,4.2,36.2,7.5,6.1,35.2
417,18:04:31,34.7,3.7,36.2,7.3,6.4,35.3
418,18:04:32,34.7,3.7,36.2,7.3,6.7,35.3
419,18:04:33,34.6,3.5,36.5,7.4,7,35.3
420,18:04:34,34.8,2.6,35.8,6.4,7,35.3
421,18:04:35,34.6,1.8,35.7,6,7,35
422,18:04:36,34.6,1.8,35.5,5.8,6.9,35
423,18:04:37,34.6,1.6,35.6,5.8,6.8,35
424,18:04:38,34.6,1.5,35.6,5.8,6.7,35
425,18:04:39,34.6,1.5,35.5,5.7,6.5,35
426,18:04:40,34.8,1.2,35.2,5.3,6.3,35.2
427,18:04:41,34.9,1.1,34.8,5,6,35.2
428,18:04:42,34.9,1.1,34.7,4.9,5.8,35.2
429,18:04:43,35,1.2,34.5,4.7,5.5,35.2
430,18:04:44,35,0.9,34.2,4.3,5.3,35.2
431,18:04:45,34.7,0.9,33.9,4,5.1,35
432,18:04:46,34.8,1.2,33.5,3.7,4.9,35
433,18:04:47,34.8,0.9,33.5,3.6,4.7,35
434,18:04:48,34.8,0.8,33.5,3.6,4.5,35
435,18:04:49,34.8,0.9,33.3,3.4,4.2,35
436,18:04:50,34.8,0.9,33.2,3.3,4,35
437,18:04:51,35,1.2,32.9,3.2,3.9,35
438,18:04:52,35,1.2,32.8,3.1,3.7,35
439,18:04:53,35,1,32.9,3.1,3.5,35
440,18:04:54,35,0.8,32.7,2.8,3.4,35
441,18:04:55,35,0.9,32.6,2.8,3.3,35
442,18:04:56,34.9,1,32.5,2.7,3.2,35
443,18:04:57,34.9,1,32.3,2.5,3.1,35
444,18:04:58,35,1.5,31.7,2.2,2.9,35
445,18:04:59,35.1,2.2,31.1,2.4,2.8,35
446,18:05:00,35.1,2.5,30.9,2.7,2.8,35
447,18:05:01,35.3,2.9,30.9,3.1,2.8,35.2
448,18:05:02,35.3,3.2,30.9,3.3,2.8,35.2
449,18:05:03,35.3,3.2,31.2,3.4,2.8,35.2
450,18:05:04,35.3,3.6,31.3,3.8,2.9,35.2
451,18:05:05,35.1,3.7,31.6,4.1,3,35
452,18:05:06,35.1,3.9,31.6,4.2,3.2,35
453,18:05:07,35,3.7,32.4,4.5,3.4,35
454,18:05:08,35,3.7,33.2,4.9,3.6,35
455,18:05:09,35,3.7,33.2,4.9,3.9,35
456,18:05:10,34.8,3.7,33.5,5.1,4.1,34.9
457,18:05:11,34.8,3.6,33.6,5.1,4.3,34.9
458,18:05:12,34.8,3.5,33.6,5,4.5,34.9
459,18:05:13,34.7,3.5,34.1,5.4,4.7,34.9
460,18:05:14,34.8,4,34.8,6.3,4.9,34.9
461,18:05:15,34.6,3.4,34.7,5.8,5.1,34.9
462,18:05:16,34.8,3.3,34.3,5.4,5.2,35
463,18:05:17,34.6,2.9,35.4,6.1,5.4,35
464,18:05:18,34.5,2.4,35.5,6,5.5,35
465,18:05:19,34.4,2.3,35.9,6.3,5.7,35
466,18:05:20,34.4,2.3,36,6.4,5.8,35.1
467,18:05:21,34.5,2.2,35.9,6.3,5.9,35.1
468,18:05:22,34.5,1.6,35.6,5.8,6,35.1
469,18:05:23,34.4,1.7,36.2,6.4,6.1,35.1
470,18:05:24,33.9,2.2,37.9,8.2,6.3,35.1
471,18:05:25,33.4,2.6,39.8,10.1,6.7,35.2
472,18:05:26,33,3.1,40.7,11.2,7.3,35.2
473,18:05:27,32.8,4.5,41.5,12.3,7.9,35.2
474,18:05:28,32.3,5.8,42.6,13.9,8.7,35.2
475,18:05:29,31.7,6.9,44,15.6,9.6,35.2
476,18:05:30,31.8,7.6,44.9,16.8,10.7,35.3
477,18:05:31,31.8,8.4,45.2,17.3,11.8,35.3
478,18:05:32,31.7,9.1,45.8,18.2,13,35.3
479,18:05:33,31.4,9.9,47.1,19.7,14.3,35.3
480,18:05:34,30.8,11.5,48.3,21.6,15.7,35.3
481,18:05:35,30.7,12.8,49.4,23.2,17,35.3
482,18:05:36,30.4,13.5,50.3,24.4,18.3,35.4
483,18:05:37,30.4,13.6,50.1,24.3,19.5,35.4
484,18:05:38,30.5,14.9,50.4,25.3,20.6,35.4
485,18:05:39,30.5,16.1,49.9,25.6,21.6,35.4
486,18:05:40,30.7,15.3,48.4,24,22.4,35.4
487,18:05:41,31,13.7,47.3,22.1,22.8,35.7
488,18:05:42,31.7,11.9,45.9,19.9,23,35.7
489,18:05:43,32.2,10.7,44.3,17.8,22.8,35.7
490,18:05:44,32.2,10.2,42.7,16.3,22.3,35.7
491,18:05:45,32.4,9.9,41.3,15,21.5,35.7
492,18:05:46,32.6,9.8,40.5,14.4,20.4,35.7
493,18:05:47,32.7,9.8,40.1,14,19.4,35.7
494,18:05:48,32.9,10.1,39.4,13.8,18.3,35.7
495,18:05:49,33.4,10,38.1,12.9,17,35.7
496,18:05:50,32.7,10.7,37.8,13.2,15.9,35.8
497,18:05:51,32.6,12.6,37.4,14.6,15.2,35.8
498,18:05:52,32.4,14.6,36.9,16.2,14.8,35.8
499,18:05:53,32.2,16.3,37.3,17.9,14.8,35.8
500,18:05:54,32,17.1,38.8,19.3,15.1,35.8
501,18:05:55,31.9,17,40.8,20.2,15.6,35.9
502,18:05:56,31.9,16.3,42.6,20.6,16.3,35.9
503,18:05:57,31.5,14.9,44.4,20.7,16.9,35.9
504,18:05:58,31.7,13.2,45.5,20.3,17.6,35.9
505,18:05:59,31.8,11.3,46.2,19.8,18.3,35.9
506,18:06:00,31.7,9.4,46.8,19.3,18.9,35.9
507,18:06:01,31.7,7.7,47.2,18.8,19.3,36.1
508,18:06:02,32,6.4,46.2,17.4,19.4,36.1
509,18:06:03,32.2,5,45.1,15.9,19.2,36.1
510,18:06:04,33.3,4.5,43.2,13.9,18.7,36.1
511,18:06:05,33.9,3.3,41.1,11.5,17.8,36.1
512,18:06:06,34.7,2.2,38.7,9,16.7,36
513,18:06:07,34.9,2.2,38.1,8.4,15.4,36
514,18:06:08,35.1,1.9,37.6,7.8,14.2,36
515,18:06:09,35.4,1.6,36.5,6.7,12.9,36
516,18:06:10,35.6,1.7,35.9,6.1,11.6,36
517,18:06:11,35.6,1.6,35.6,5.8,10.3,36
518,18:06:12,35.6,1.6,35.6,5.8,9.1,36
519,18:06:13,35.6,1.8,35.6,5.9,8.1,36
520,18:06:14,35.7,2,35.4,5.7,7.3,36
521,18:06:15,35.7,2.4,35.2,5.7,6.7,35.9
522,18:06:16,35.9,2.9,34.3,5.2,6.3,35.9
523,18:06:17,36.1,4,33.1,5,6,35.9
524,18:06:18,35.9,4.9,32.7,5.6,5.8,35.9
525,18:06:19,35.9,5.2,32.3,5.7,5.7,35.9
526,18:06:20,35.5,6.7,31.5,6.9,5.7,35.8
527,18:06:21,35.2,7.4,31.7,7.6,5.9,35.8
528,18:06:22,34.8,8.6,31.6,8.8,6.2,35.8
529,18:06:23,34.8,8.7,31.9,8.9,6.5,35.8
530,18:06:24,34.8,8.7,31.8,8.9,6.8,35.8
531,18:06:25,34.8,8.7,31.8,8.9,7.1,35.8
532,18:06:26,34.7,8.8,31.8,9,7.5,35.8
533,18:06:27,34.6,9,31.5,9.1,7.9,35.8
534,18:06:28,34.5,9.9,31.2,9.9,8.4,35.8
535,18:06:29,34.4,11.2,29.8,11.2,8.9,35.8
536,18:06:30,34.3,12.1,29.6,12.1,9.5,35.8
537,18:06:31,33.9,12.7,28.1,12.8,10,35.8
538,18:06:32,33.5,13.2,26.6,13.6,10.5,35.8
539,18:06:33,33.3,12.8,23.9,14.2,11,35.8
540,18:06:34,32.7,13,21.8,15.4,11.6,35.8
541,18:06:35,31.9,13.7,20.1,16.9,12.4,35.8
542,18:06:36,31.2,14,17.8,18.5,13.4,35.5
543,18:06:37,31.4,12.7,17.6,17.8,14.3,35.5
544,18:06:38,31.8,10.7,17.9,16.1,14.9,35.5
545,18:06:39,32.6,8.4,17.4,15.2,15.3,35.5
546,18:06:40,32.5,7,17.1,14.7,15.5,35.4
547,18:06:41,32.8,4.8,17.5,13.4,15.6,35.4
548,18:06:42,32.1,3.3,17.4,13.1,15.5,35.4
549,18:06:43,32.3,2.8,18.4,11.9,15.3,35.4
550,18:06:44,32.6,2.3,20,10.3,14.8,35.4
551,18:06:45,32.9,1.8,21.7,8.5,13.9,35.4
552,18:06:46,34.7,1.5,23.4,6.8,12.8,35.4
553,18:06:47,35,1.6,25.2,5.1,11.5,35.4
554,18:06:48,35.1,1.7,25.6,4.7,10.4,35.4
555,18:06:49,35.1,1.6,26,4.3,9.3,35.4
556,18:06:50,35.2,1.6,26.1,4.2,8.2,35.4
557,18:06:51,35.4,1.2,27.3,3,7.2,35.5
558,18:06:52,35.5,0.6,28.6,1.5,6,35.5
559,18:06:53,35.5,0.8,28.7,1.5,5,35.5
560,18:06:54,35.6,1,29.5,1.1,4.1,35.5
561,18:06:55,35.7,1.4,30,1.4,3.4,35.6
562,18:06:56,35.7,1.5,30.1,1.5,2.8,35.6
563,18:06:57,35.7,1.5,30.4,1.5,2.5,35.6
564,18:06:58,35.7,1.7,31.1,2,2.2,35.6
565,18:06:59,35.8,2.6,31.7,3.1,2.1,35.6
566,18:07:00,35.7,2.3,32.2,3.2,2,35.6
567,18:07:01,35.6,2,32.7,3.4,2,35.6
568,18:07:02,35.6,1.4,32.9,3.2,2.2,35.6
569,18:07:03,35.5,1.4,33.4,3.6,2.4,35.6
570,18:07:04,35.5,1.1,33.4,3.6,2.6,35.6
571,18:07:05,35.7,1.1,33.5,3.7,2.9,35.8
572,18:07:06,35.7,1.2,33.7,3.9,3.1,35.8
573,18:07:07,35.5,1,34.7,4.8,3.5,35.8
574,18:07:08,35.1,1.8,36.3,6.6,3.9,35.8
575,18:07:09,34.3,2.3,38.6,8.9,4.5,35.8
576,18:07:10,33.9,2.4,39.9,10.2,5.2,35.8
577,18:07:11,33.8,2.4,40.1,10.4,5.9,35.8
578,18:07:12,34.2,2,39.1,9.3,6.5,35.8
579,18:07:13,34.2,1.8,39.1,9.2,7.1,35.8
580,18:07:14,34.2,1.8,39.2,9.3,7.6,35.8
581,18:07:15,34,2,39.5,9.7,8.2,35.8
582,18:07:16,33.8,2.5,39.8,10.1,8.9,35.9
583,18:07:17,33.1,3.7,40.9,11.6,9.5,35.9
584,18:07:18,32.7,5,42.7,13.7,10.2,35.9
585,18:07:19,31.6,5.8,44.4,15.5,10.9,35.9
586,18:07:20,31.4,6.4,45.8,17,11.6,35.9
587,18:07:21,31.2,6.8,46.6,18,12.3,36.1
588,18:07:22,31.1,6.8,47.1,18.4,13.2,36.1
589,18:07:23,30.5,8.3,48.4,20.2,14.3,36.1
590,18:07:24,30.2,8.8,49.6,21.5,15.6,36.1
591,18:07:25,30.1,9.4,50.3,22.4,16.8,36.1
592,18:07:26,29.9,11.1,51.1,23.8,18.2,35.9
593,18:07:27,29.8,13.2,51.9,25.5,19.6,35.9
594,18:07:28,29.6,15.3,52.7,27.4,21,35.9
595,18:07:29,29.4,17.2,54.4,29.9,22.4,35.9
596,18:07:30,29.3,19.3,54,30.8,23.8,35.8
597,18:07:31,29.2,21.6,53.9,32.2,25.2,35.8
598,18:07:32,29.2,23.6,53.6,33.4,26.7,35.8
599,18:07:33,29.2,24.8,53.9,34.5,28.1,35.8
600,18:07:34,29.1,26.3,55.3,36.5,29.6,35.8
601,18:07:35,29.1,27.1,56.7,38.1,31.2,35.8
602,18:07:36,29.2,27.1,57.6,38.7,32.7,35.8
603,18:07:37,29.1,27.6,58.6,39.7,34.1,35.8
604,18:07:38,29.1,28.6,59.4,41,35.5,35.8
605,18:07:39,29,29.5,59.1,41.4,36.6,35.8
606,18:07:40,29,30.9,57.6,41.4,37.7,35.8
607,18:07:41,29.2,32.7,57.3,42.5,38.7,35.9
608,18:07:42,29.4,35.2,56.6,44.1,39.8,35.9
609,18:07:43,29.5,37.1,55.8,45.2,40.9,35.9
610,18:07:44,29.3,38.8,54.7,46,41.8,35.9
611,18:07:45,29,40.6,54.1,47.2,42.7,35.9
612,18:07:46,29,41.3,54.6,48.1,43.7,35.9
613,18:07:47,28.9,43.1,54.3,49.5,44.6,35.9
614,18:07:48,28.7,44.9,53.4,50.6,45.6,35.9
615,18:07:49,28.6,46.5,52,51.4,46.6,35.9
616,18:07:50,28.5,48.2,51.9,52.9,47.8,35.8
617,18:07:51,28.4,49.7,50.7,53.8,48.9,35.8
618,18:07:52,28.4,50.9,50.7,55,50,35.8
619,18:07:53,28.4,51.9,49.3,55.4,51,35.8
620,18:07:54,28.5,53.4,47.9,56.3,52,35.8
621,18:07:55,28.5,54.7,46,57,53,35.9
622,18:07:56,28.6,56,44.1,57.8,54,35.9
623,18:07:57,28.7,56.8,42.1,58.1,54.8,35.9
624,18:07:58,28.7,57.1,40.1,57.9,55.6,35.9
625,18:07:59,28.8,56.9,37.6,57.4,56.2,35.9
626,18:08:00,29,56.5,36.2,56.8,56.6,35.9
627,18:08:01,29.2,56.8,34.5,57,56.9,35.7
628,18:08:02,29.3,56.9,32.7,57,57.1,35.7
629,18:08:03,29.4,56.4,30.4,56.4,57.2,35.7
630,18:08:04,29.3,55.6,28.2,55.6,57.1,35.7
631,18:08:05,29.2,54.9,25.8,55.1,56.9,35.7
632,18:08:06,29,54.2,23.2,54.6,56.6,36
633,18:08:07,29,54.2,21.1,54.9,56.3,36
634,18:08:08,29,54,18.4,55.2,56,36
635,18:08:09,29,53.5,16.1,55.3,55.8,36
636,18:08:10,29,52.9,13.7,55.3,55.6,36
637,18:08:11,29.5,52.2,11.3,55.4,55.5,36
638,18:08:12,29.5,51.6,9.8,55.4,55.3,36
639,18:08:13,29.5,50.6,9.4,54.6,55.2,36
640,18:08:14,29.5,49.2,7.6,54.1,55,36
641,18:08:15,29.8,47.2,6.5,52.7,54.8,36.3
642,18:08:16,30.1,44.8,5.6,51,54.4,36.3
643,18:08:17,30.5,42.6,4.5,49.7,53.9,36.3
644,18:08:18,31,40,4,47.7,53.1,36.3
645,18:08:19,31.4,37.9,3.3,46.4,52.2,36.3
646,18:08:20,31,35.2,2.7,44.5,51.2,36.3
647,18:08:21,30.3,33.1,1.6,43.6,50,36.3
648,18:08:22,30.1,30.9,0.4,42.7,48.7,36.3
649,18:08:23,29.6,29.7,0.3,42,47.4,36.3
650,18:08:24,29.4,27.4,0.4,40.4,46.1,36.3
651,18:08:25,29,25.1,1.1,38.3,44.6,36.3
652,18:08:26,28.4,22.6,1.6,36.3,43.2,36.4
653,18:08:27,28.7,20.6,2.1,34.7,41.7,36.4
654,18:08:28,29.2,19.1,3.6,32.6,40.1,36.4
655,18:08:29,30.2,16.9,4.8,30.3,38.5,36.4
656,18:08:30,30.5,14.7,5.5,28.6,37,36.4
657,18:08:31,30.6,12.9,6.5,26.8,35.3,36.4
658,18:08:32,30.6,12.1,7.3,25.8,33.6,36.4
659,18:08:33,30.6,11.3,7.3,25.4,31.9,36.4
660,18:08:34,30.7,10.4,8.2,24.2,30.3,36.4
661,18:08:35,30.7,8.8,9.8,22.1,28.7,36.4
662,18:08:36,30.9,8.1,10.8,20.8,27.1,36.5
663,18:08:37,31.2,6.8,12,19.2,25.6,36.5
664,18:08:38,31.7,5.7,13.3,17.7,24.1,36.5
665,18:08:39,32.2,5.1,14.7,16.1,22.7,36.5
666,18:08:40,32.7,4.3,16.2,14.4,21.2,36.6
667,18:08:41,32.2,3.4,17.5,13,19.9,36.6
668,18:08:42,32.3,2.8,18.4,11.9,18.5,36.6
669,18:08:43,32.4,2.5,18.9,11.3,17.1,36.6
670,18:08:44,32.5,2.4,19.2,11.1,15.8,36.6
671,18:08:45,32.9,2.7,20,10.4,14.6,36.2
672,18:08:46,32.9,2.4,20.3,10,13.5,36.2
673,18:08:47,32.9,2.2,20.4,9.8,12.6,36.2
674,18:08:48,33,2,21.6,8.7,11.7,36.2
675,18:08:49,35.2,1.6,22.7,7.4,10.8,36.2
676,18:08:50,35.5,1.2,24,6.1,10,36.2
677,18:08:51,35.6,1.5,25.1,5.2,9.2,36.1
678,18:08:52,35.9,1.2,26.8,3.4,8.3,36.1
679,18:08:53,36.1,1,28,2.2,7.4,36.1
680,18:08:54,36.1,0.8,28.5,1.7,6.5,36.1
681,18:08:55,36.2,1,29.6,1.1,5.6,36.1
682,18:08:56,36,0.7,30.9,1.2,4.7,35.9
683,18:08:57,36,0.8,32.1,2.2,3.9,35.9
684,18:08:58,36,1.1,32.4,2.7,3.3,35.9
685,18:08:59,36,1.4,32.9,3.2,2.9,35.9
686,18:09:00,35.8,1,33.9,4,2.7,35.9
687,18:09:01,35.6,1.2,35.2,5.3,2.7,35.9
688,18:09:02,35.3,1.6,36.5,6.7,3,35.9
689,18:09:03,35.1,2.3,36.9,7.3,3.5,35.9
690,18:09:04,34.9,2.8,37.5,8,4.2,35.9
691,18:09:05,34.6,3.1,37.9,8.5,4.9,35.8
692,18:09:06,34.5,3.4,38.2,8.9,5.7,35.8
693,18:09:07,34.5,3.5,38.2,8.9,6.4,35.8
694,18:09:08,34.5,3.6,38.2,9,7,35.8
695,18:09:09,34.5,3.6,38.2,9,7.6,35.8
696,18:09:10,34.4,3.6,38.3,9.1,8.1,35.8
697,18:09:11,34.4,3.6,38.3,9.1,8.4,35.7
698,18:09:12,34.3,3.5,38.4,9.1,8.7,35.7
699,18:09:13,34.3,3.6,38.4,9.2,8.9,35.7
700,18:09:14,34.3,3.6,38.4,9.2,9,35.7
701,18:09:15,34.3,3.6,38.4,9.2,9.1,35.7
702,18:09:16,34.1,3.6,38.4,9.2,9.1,35.5
703,18:09:17,34,3.6,38.5,9.3,9.1,35.5
704,18:09:18,34.1,3.6,38.4,9.2,9.1,35.5
705,18:09:19,33.9,3.9,38.8,9.6,9.2,35.5
706,18:09:20,33.7,4.1,39.1,9.9,9.3,35.6
707,18:09:21,34.3,4,39.1,9.9,9.4,35.6
708,18:09:22,33.8,4.3,38.8,9.8,9.4,35.6
709,18:09:23,33.7,4.3,38.9,9.9,9.5,35.6
710,18:09:24,33.8,4.3,38.8,9.8,9.6,35.6
711,18:09:25,33.6,4.1,38.9,9.8,9.7,35.5
712,18:09:26,34.2,4,39.1,9.9,9.7,35.5
713,18:09:27,34.2,4,39.1,9.9,9.8,35.5
714,18:09:28,33.6,4.1,39.1,9.9,9.9,35.5
715,18:09:29,34.3,4,38.9,9.8,9.9,35.5
716,18:09:30,33.7,3.9,38.9,9.7,9.9,35.6
717,18:09:31,33.7,3.9,38.9,9.7,9.8,35.6
718,18:09:32,33.7,3.9,38.9,9.7,9.8,35.6
719,18:09:33,33.6,3.9,39.2,9.9,9.8,35.6
720,18:09:34,33.6,3.6,39.2,9.9,9.8,35.6
721,18:09:35,33.6,3.4,39.4,10,9.8,35.6
722,18:09:36,33.8,3.2,39.3,9.8,9.8,35.5
723,18:09:37,33.9,2.9,39.3,9.7,9.8,35.5
724,18:09:38,33.9,2.9,39.2,9.6,9.8,35.5
725,18:09:39,33.9,2.9,39.2,9.6,9.8,35.5
726,18:09:40,34,2.9,38.9,9.4,9.7,35.5
727,18:09:41,33.9,3.1,38.7,9.3,9.7,35.4
728,18:09:42,33.9,3.1,38.7,9.3,9.6,35.4
729,18:09:43,33.9,3.1,38.7,9.3,9.6,35.4
730,18:09:44,33.9,3.1,38.6,9.2,9.5,35.4
731,18:09:45,34.2,2.7,37.9,8.4,9.3,35.4
732,18:09:46,34.3,2.6,37.5,7.9,9.2,35.3
733,18:09:47,34.3,2.5,37.4,7.8,9,35.3
734,18:09:48,34.4,2.4,37.2,7.5,8.8,35.3
735,18:09:49,34.4,2.4,37.2,7.5,8.5,35.3
736,18:09:50,34.4,2.3,37.1,7.4,8.3,35.4
737,18:09:51,34.4,2.3,37.1,7.4,8.2,35.4
738,18:09:52,34.5,2.2,36.9,7.3,8,35.4
739,18:09:53,34.5,2,36.7,7,7.7,35.4
740,18:09:54,34.5,2,36.7,7,7.5,35.4
741,18:09:55,34.3,1.9,36.7,7,7.4,35.2
742,18:09:56,34.4,1.9,36.5,6.8,7.3,35.2
743,18:09:57,34.4,1.8,36.5,6.8,7.2,35.2
744,18:09:58,34.5,1.8,36.2,6.5,7.1,35.2
745,18:09:59,34.5,1.8,36.1,6.4,7,35.2
746,18:10:00,34.4,1.6,36.3,6.5,6.9,35.2
747,18:10:01,34.8,1.4,35.7,5.8,6.7,35.3
748,18:10:02,34.9,1.4,35.4,5.5,6.5,35.3
749,18:10:03,34.9,1.5,35.4,5.6,6.4,35.3
750,18:10:04,34.9,1.4,35.4,5.5,6.2,35.3
751,18:10:05,34.9,1.4,35.3,5.4,6.1,35.3
752,18:10:06,34.7,1.4,35.3,5.4,5.9,35.2
753,18:10:07,34.7,1.4,35.3,5.4,5.8,35.2
754,18:10:08,34.7,1.2,35.2,5.3,5.7,35.2
755,18:10:09,34.7,1.2,35.1,5.2,5.6,35.2
756,18:10:10,34.8,1.1,34.9,5.1,5.4,35.2
757,18:10:11,34.9,1.1,34.8,5,5.4,35.3
758,18:10:12,34.9,1.1,34.9,5.1,5.3,35.3
759,18:10:13,34.9,1.1,34.8,5,5.2,35.3
760,18:10:14,34.9,1.1,34.8,5,5.2,35.3
761,18:10:15,34.9,1.1,34.9,5.1,5.2,35.3
762,18:10:16,34.9,1.1,34.8,5,5.1,35.3
763,18:10:17,34.9,1.1,34.9,5.1,5.1,35.3
764,18:10:18,34.9,1,34.9,5.1,5,35.3
765,18:10:19,34.9,0.9,34.6,4.7,5,35.3
766,18:10:20,34.8,0.9,34.6,4.7,5,35.1
767,18:10:21,34.8,0.9,34.4,4.5,4.9,35.1
768,18:10:22,34.9,0.9,34.1,4.2,4.8,35.1
769,18:10:23,34.9,1.2,34.2,4.4,4.8,35.1
770,18:10:24,34.9,1,34,4.1,4.7,35.1
771,18:10:25,34.9,0.9,33.8,3.9,4.6,35.1
772,18:10:26,35.1,1.2,33.8,4,4.5,35.2
773,18:10:27,35.1,1.2,33.7,3.9,4.4,35.2
774,18:10:28,35.1,1.2,33.7,3.9,4.2,35.2
775,18:10:29,35.1,1.1,33.7,3.9,4.1,35.2
776,18:10:30,35.1,1.1,33.6,3.8,4.1,35.2
777,18:10:31,35,1.2,33.5,3.7,4,35.2
778,18:10:32,35,1,33.3,3.4,3.9,35.2
779,18:10:33,35.1,0.7,32.3,2.4,3.7,35.2
780,18:10:34,35.1,0.6,31.8,1.9,3.5,35.2
781,18:10:35,35.1,0.6,31.4,1.5,3.2,35.2
782,18:10:36,35.3,0.8,29.8,0.8,2.9,35.3
783,18:10:37,35.2,0.7,28.4,1.7,2.7,35.3
784,18:10:38,35.2,0.7,27.5,2.6,2.6,35.3
785,18:10:39,35.1,1.1,26.3,3.9,2.6,35.3
786,18:10:40,35,1.1,25.8,4.4,2.6,35.3
787,18:10:41,35,0.7,25.5,4.6,2.7,35.3
788,18:10:42,34.9,1.1,25.1,5.1,2.9,35.3
789,18:10:43,35,1.4,25.3,4.9,3.1,35.3
790,18:10:44,34.9,1.4,24.7,5.4,3.5,35.3
791,18:10:45,34.8,1.4,23.8,6.4,4,35.3
792,18:10:46,34.4,2.6,24.2,6.4,4.5,35
793,18:10:47,34.4,3.6,24.3,6.7,5,35
794,18:10:48,34.2,4.8,24,7.7,5.5,35
795,18:10:49,34.1,5.7,24.1,8.2,6,35
796,18:10:50,34.2,5.8,24.7,7.8,6.3,35
797,18:10:51,34.2,6.2,25.2,7.9,6.6,35.2
798,18:10:52,34.3,6.1,25.4,7.7,6.9,35.2
799,18:10:53,34.4,6.2,25.9,7.5,7.2,35.2
800,18:10:54,34.6,6.4,27.1,7,7.3,35.2
801,18:10:55,34.7,6.4,27.6,6.8,7.4,35.2
802,18:10:56,34.7,6.2,27.5,6.7,7.4,35.2
803,18:10:57,34.7,6.4,27.7,6.8,7.4,35.2
804,18:10:58,35,6.1,28.7,6.3,7.3,35.2
805,18:10:59,35.1,6.1,30.1,6.1,7.1,35.2
806,18:11:00,35.1,6.1,32.1,6.5,6.9,35.2
807,18:11:01,35.3,5.9,32.6,6.5,6.8,35.5
808,18:11:02,35.2,6,32.8,6.6,6.7,35.5
809,18:11:03,35.2,6,32.9,6.7,6.6,35.5
810,18:11:04,35.2,5.7,33.2,6.5,6.5,35.5
811,18:11:05,35.3,5.6,33.1,6.3,6.5,35.6
812,18:11:06,35.3,5.6,33.2,6.4,6.5,35.6
813,18:11:07,35.2,5.7,33.3,6.5,6.4,35.6
814,18:11:08,35.2,5.6,33.3,6.4,6.5,35.6
815,18:11:09,35.2,5.8,33.3,6.6,6.5,35.6
816,18:11:10,35.1,5.9,33.5,6.8,6.6,35.6
817,18:11:11,35.2,5.6,34.1,6.9,6.6,35.7
818,18:11:12,35.2,5.2,34.4,6.8,6.6,35.7
819,18:11:13,35.2,4.9,34.8,6.9,6.6,35.7
820,18:11:14,35.1,4.7,35.1,6.9,6.7,35.7
821,18:11:15,35.1,4.5,35.3,6.9,6.7,35.7
822,18:11:16,34.9,4.1,35.7,7,6.8,35.7
823,18:11:17,34.9,4.1,35.7,7,6.8,35.7
824,18:11:18,34.9,4.1,35.7,7,6.9,35.7
825,18:11:19,34.9,4.1,35.7,7,6.9,35.7
826,18:11:20,34.9,4.1,35.7,7,6.9,35.7
827,18:11:21,35,4.1,35.8,7.1,7,35.9
828,18:11:22,35.1,4.1,35.7,7,7,35.9
829,18:11:23,35.1,4.1,35.7,7,7,35.9
830,18:11:24,35.7,4,35.6,6.8,7,35.9
831,18:11:25,35.4,4,35.7,6.9,7,35.6
832,18:11:26,34.8,4.1,35.8,7.1,7,35.6
833,18:11:27,34.8,4.1,35.7,7,7,35.6
834,18:11:28,35.1,3.7,35.8,6.9,7,35.6
835,18:11:29,34.7,3.6,36.9,7.8,7.1,35.6
836,18:11:30,34.6,3.6,37.8,8.6,7.2,35.8
837,18:11:31,34.5,3.5,38.1,8.8,7.4,35.8
838,18:11:32,34.3,3.9,38.4,9.3,7.6,35.8
839,18:11:33,34.2,3.7,38.9,9.7,7.9,35.8
840,18:11:34,34,3.4,39.5,10.1,8.2,35.8
841,18:11:35,34.4,3.2,38.6,9.2,8.4,35.8
842,18:11:36,34.8,2.4,37.1,7.4,8.5,35.6
843,18:11:37,35.2,1.2,35.6,5.7,8.4,35.6
844,18:11:38,35.5,0.9,33.9,4,8.1,35.6
845,18:11:39,35.6,0.7,31.5,1.6,7.4,35.6
846,18:11:40,35.7,1.2,29.5,1.4,6.7,35.6
847,18:11:41,35.6,2,27.6,3.2,6.2,35.6
848,18:11:42,35.4,3.1,26.6,4.6,5.7,35.6
849,18:11:43,35,5.1,26.4,6.2,5.3,35.6
850,18:11:44,34.6,7.1,26.6,7.9,5.1,35.6
851,18:11:45,34.3,9.3,26.7,9.9,5.2,35.6
852,18:11:46,34,10.7,28,10.8,5.5,35.6
853,18:11:47,34.2,11.7,30.3,11.7,6.1,35.6
854,18:11:48,33.9,12.2,32.7,12.6,7,35.6
855,18:11:49,33.5,12,34.5,12.8,8.1,35.6
856,18:11:50,33.3,12,36.4,13.6,9.3,35.4
857,18:11:51,33,10.7,38,13.3,10.3,35.4
858,18:11:52,33.5,8.6,39.2,12.6,11.1,35.4
859,18:11:53,33.6,6.9,39.8,12,11.7,35.4
860,18:11:54,33.8,4.9,40.2,11.3,12.1,35.4
861,18:11:55,34.2,4,40.5,11.2,12.2,35.6
862,18:11:56,33.6,5.1,40.7,11.9,12.3,35.6
863,18:11:57,33.4,5.4,41.6,12.8,12.4,35.6
864,18:11:58,33.3,4.9,42.2,13.1,12.5,35.6
865,18:11:59,33.5,4.4,41.9,12.7,12.5,35.6
866,18:12:00,33.5,4.3,41.7,12.5,12.3,35.6
867,18:12:01,33.6,3.3,41.4,11.8,12.2,35.5
868,18:12:02,33.8,2.8,40.7,11.1,12,35.5
869,18:12:03,34,2.5,40,10.3,11.9,35.5
870,18:12:04,34.2,2.4,39.3,9.6,11.7,35.5
871,18:12:05,34.3,2.8,38.7,9.2,11.5,35.5
872,18:12:06,34.6,2.6,38.2,8.6,11.2,35.8
873,18:12:07,34.5,2.6,38.4,8.8,10.8,35.8
874,18:12:08,34.5,2.7,38.2,8.7,10.3,35.8
875,18:12:09,34.7,3.4,37.6,8.3,9.9,35.8
876,18:12:10,34.7,3.3,37.6,8.3,9.5,35.8
877,18:12:11,34.9,3.4,37.4,8.1,9.1,35.9
878,18:12:12,34.8,3.4,37.5,8.2,8.8,35.9
879,18:12:13,35.1,3.2,36.8,7.5,8.5,35.9
880,18:12:14,35.3,3.5,36.1,7,8.3,35.9
881,18:12:15,35.6,3.5,35.3,6.3,8,35.9
882,18:12:16,35.8,3.7,34.7,6,7.7,35.9
883,18:12:17,35.9,3.9,34.1,5.6,7.4,35.9
884,18:12:18,36.1,2.4,32.9,3.8,6.9,35.9
885,18:12:19,36,1,31.9,2.2,6.3,35.9
886,18:12:20,36,0.8,32.5,2.6,5.8,35.9
887,18:12:21,35.8,0.9,33.4,3.5,5.3,35.8
888,18:12:22,35.5,1,35.1,5.2,5,35.8
889,18:12:23,35.3,1.7,36.4,6.6,4.9,35.8
890,18:12:24,34.8,1.7,37.9,8.1,5,35.8
891,18:12:25,34.6,2,38.7,9,5.3,35.8
892,18:12:26,34,2.5,39.9,10.2,5.7,36
893,18:12:27,33.4,3.3,41.8,12.2,6.3,36
894,18:12:28,33.3,3.5,42,12.5,7.2,36
895,18:12:29,33.6,4,42.7,13.3,8.3,36
896,18:12:30,32.9,4.5,43.6,14.3,9.5,35.9
897,18:12:31,32.3,4.8,44,14.8,10.6,35.9
898,18:12:32,32.1,5.6,45.1,16,11.7,35.9
899,18:12:33,31.9,7.5,45.7,17.4,12.8,35.9
900,18:12:34,31.7,7.8,47.3,19,13.9,35.9
901,18:12:35,31.5,7.8,48.8,20.4,15,36.1
902,18:12:36,31.3,9.3,50.5,22.5,16.3,36.1
903,18:12:37,31.3,11.1,51.8,24.5,17.5,36.1
904,18:12:38,31.1,11.8,52.7,25.6,18.8,36.1
905,18:12:39,30.7,13.8,53.5,27.2,20.2,36.1
906,18:12:40,30.4,15.4,54.8,29.2,21.7,36.1
907,18:12:41,29.9,16.8,55.7,30.7,23.3,36.1
908,18:12:42,29.5,18.7,56.6,32.5,24.9,36.1
909,18:12:43,28.9,21,57.9,34.9,26.7,36.1
910,18:12:44,28.8,22.9,58.7,36.8,28.4,36.1
911,18:12:45,28.9,25.2,58.8,38.3,30.2,36.1
912,18:12:46,29.4,27.4,58.5,39.6,31.9,36.2
913,18:12:47,29.6,29.1,58,40.4,33.5,36.2
914,18:12:48,29.6,30.9,59.4,42.6,35.2,36.2
915,18:12:49,29.4,32.7,59.5,44,36.9,36.2
916,18:12:50,29.2,34.5,59.3,45.2,38.5,36.2
917,18:12:51,29,36.7,59.2,46.9,40.1,36.1
918,18:12:52,28.9,38.8,58.2,48,41.7,36.1
919,18:12:53,28.7,41.1,57.6,49.5,43.1,36.1
920,18:12:54,28.5,43.1,57.2,50.9,44.5,36.1
921,18:12:55,28.3,44.7,56,51.7,45.9,36.2
922,18:12:56,28.4,46.8,54.7,53,47.2,36.2
923,18:12:57,28.7,48.7,53.3,53.9,48.6,36.2
924,18:12:58,29,50.6,51.8,55.1,49.8,36.2
925,18:12:59,29,51.4,50.7,55.4,51,36.2
926,18:13:00,29,52.2,49.2,55.6,52,36.3
927,18:13:01,29.1,53.5,47.6,56.3,52.9,36.3
928,18:13:02,28.8,55,46.1,57.3,53.9,36.3
929,18:13:03,28.7,55.8,45.1,57.8,54.7,36.3
930,18:13:04,28.6,56.5,43.6,58.1,55.4,36.3
931,18:13:05,28.5,57.5,41.8,58.7,56.1,36.3
932,18:13:06,28.4,58.1,39.6,58.9,56.7,36.3
933,18:13:07,28.5,58.8,37.1,59.2,57.2,36.3
934,18:13:08,28.6,59,34.9,59.2,57.6,36.3
935,18:13:09,28.6,59.4,33.2,59.5,58.1,36.3
936,18:13:10,28.7,59.3,30.7,59.3,58.4,36.3
937,18:13:11,28.8,59.5,28.8,59.6,58.8,36.4
938,18:13:12,28.7,59.3,27.3,59.4,59,36.4
939,18:13:13,28.7,58.9,24.6,59.1,59.1,36.4
940,18:13:14,28.6,58.2,21.7,58.8,59.2,36.4
941,18:13:15,28.7,57.6,19.5,58.6,59.1,36.4
942,18:13:16,28.8,56.3,16.9,57.8,59,36.4
943,18:13:17,28.8,55.2,14.8,57.3,58.8,36.4
944,18:13:18,28.9,53.9,12.8,56.5,58.6,36.4
945,18:13:19,28.9,53,11.3,56.2,58.2,36.4
946,18:13:20,28.8,51.6,10.1,55.3,57.8,36.4
947,18:13:21,28.8,49.6,9.4,53.7,57.3,36.3
948,18:13:22,29,47.3,8.8,51.8,56.5,36.3
949,18:13:23,29.1,45,8.5,49.9,55.6,36.3
950,18:13:24,29.3,43.3,7.2,49,54.6,36.3
951,18:13:25,29.6,43.1,5.7,49.5,53.7,36.4
952,18:13:26,29.8,43,4,50.2,52.9,36.4
953,18:13:27,30.2,42,3.1,49.9,52.2,36.4
954,18:13:28,30.2,41.9,2.9,49.8,51.5,36.4
955,18:13:29,30.3,40.9,3.1,49,50.8,36.4
956,18:13:30,30.3,39,2.4,47.8,50.1,36.3
957,18:13:31,30.4,37.5,1.7,47,49.4,36.3
958,18:13:32,30.1,35.6,1.1,45.9,48.8,36.3
959,18:13:33,29.8,33.7,0.5,44.8,48.3,36.3
960,18:13:34,29.5,32.2,0.4,43.7,47.8,36.3
961,18:13:35,29.2,30.1,0.3,42.2,47,36.3
962,18:13:36,29.6,28.6,0.3,41.2,46.1,36
963,18:13:37,29.7,27.6,0.3,40.5,45.2,36
964,18:13:38,29.7,26.9,0.6,39.8,44.2,36
965,18:13:39,29.8,26.1,1.4,38.7,43.2,36
966,18:13:40,30.1,24.5,1.7,37.4,42.1,35.9
967,18:13:41,30.2,22,1.6,35.9,41,35.9
968,18:13:42,30.2,20,2.2,34.2,39.9,35.9
969,18:13:43,30.1,18.5,2.9,32.8,38.7,35.9
970,18:13:44,30.2,16.2,4,30.6,37.4,35.9
971,18:13:45,30.3,14.6,5.5,28.6,36,35.7
972,18:13:46,30.4,13.5,6,27.5,34.6,35.7
973,18:13:47,30.5,12.7,7.8,25.6,33.1,35.7
974,18:13:48,30.5,13.2,9.9,24,31.5,35.7
975,18:13:49,30.7,12.4,12.1,21.8,29.8,35.7
976,18:13:50,31,10.5,13.7,19.4,28,36
977,18:13:51,31.1,9.2,14.4,18.1,26.3,36
978,18:13:52,32,7.6,15.2,16.7,24.5,36
979,18:13:53,32.1,7.4,15.4,16.4,22.9,36
980,18:13:54,32.2,7.1,15.6,16.1,21.4,36
981,18:13:55,32.2,6.9,15.6,16,20.2,36
982,18:13:56,32.1,6.8,15.4,16.1,19,36.1
983,18:13:57,32,6.1,14.9,16.3,18.1,36.1
984,18:13:58,32.3,5.4,15.5,15.5,17.2,36.1
985,18:13:59,32.3,4.8,15.2,15.6,16.6,36.1
986,18:14:00,32,3.9,16.2,14.3,16.1,36.1
987,18:14:01,32.3,3.2,17.8,12.6,15.6,35.9
988,18:14:02,32.4,2.7,18.6,11.7,15.1,35.9
989,18:14:03,32.6,2.4,20.3,10,14.4,35.9
990,18:14:04,32.9,3.1,22.6,8,13.6,35.9
991,18:14:05,35.1,3.2,24.9,6,12.6,35.9
992,18:14:06,35.5,3.3,26.4,4.9,11.5,35.9
993,18:14:07,35.8,3.2,27.4,4.1,10.3,35.9
994,18:14:08,35.9,2.9,27.7,3.7,9.1,35.9
995,18:14:09,36,2.8,28.5,3.2,7.8,35.9
996,18:14:10,36.2,2.8,28.9,3,6.7,36
997,18:14:11,36.2,2.9,29.4,3,5.8,36
998,18:14:12,36.3,3.5,29.6,3.5,4.9,36
999,18:14:13,36.3,3.4,29.9,3.4,4.3,36
1000,18:14:14,36.3,3.3,30.2,3.3,3.8,36
1001,18:14:15,36.3,3.9,31.3,4.1,3.6,36
1002,18:14:16,36.1,4.3,32.5,5,3.6,36
1003,18:14:17,35.8,4.8,33.5,5.9,3.8,36
1004,18:14:18,35.9,3.4,34.4,5.6,4,36
1005,18:14:19,35.8,2.4,34.8,5.4,4.2,36
1006,18:14:20,35.8,1.1,34.8,5,4.4,36
1007,18:14:21,35.8,0.9,34.8,4.9,4.6,36.1
1008,18:14:22,35.8,0.8,34.7,4.8,4.7,36.1
1009,18:14:23,35.8,0.8,34.7,4.8,4.9,36.1
1010,18:14:24,35.8,0.9,34.7,4.8,5,36.1
1011,18:14:25,35.6,0.9,35.6,5.7,5.2,36.1
1012,18:14:26,35.4,1.2,36.8,7,5.4,36.2
1013,18:14:27,34.8,1.8,38.2,8.4,5.6,36.2
1014,18:14:28,34.1,2.5,40,10.3,6.1,36.2
1015,18:14:29,33.5,3.3,41.4,11.8,6.7,36.2
1016,18:14:30,33.5,4,42.8,13.4,7.6,35.6
1017,18:14:31,31.9,5.1,44.7,15.6,8.7,35.6
1018,18:14:32,31.7,5.8,45.6,16.6,9.8,35.6
1019,18:14:33,31.6,6.1,46.3,17.4,11.1,35.6
1020,18:14:34,31.4,6.6,47.1,18.3,12.5,35.6
1021,18:14:35,31.1,7,47.6,18.9,13.8,35.6
1022,18:14:36,30.5,8.8,48.6,20.6,15.1,35.6
1023,18:14:37,29.9,10.1,50.1,22.5,16.6,35.6
1024,18:14:38,29.9,11.7,51.6,24.5,18,35.6
1025,18:14:39,29.9,12.2,52.7,25.8,19.4,35.6
1026,18:14:40,29.9,13.6,53.9,27.5,20.8,35.4
1027,18:14:41,29.7,15.9,55.4,29.9,22.2,35.4
1028,18:14:42,29.5,18.7,55.8,31.9,23.7,35.4
1029,18:14:43,29.3,21.3,56,33.6,25.4,35.4
1030,18:14:44,29,23.5,57.6,36.2,27.2,35.4
1031,18:14:45,28.9,25.9,58.6,38.6,29.1,35.4
1032,18:14:46,28.7,27.8,59.5,40.5,31.1,35.4
1033,18:14:47,28.4,30.2,59.6,42.3,33.1,35.4
1034,18:14:48,28.7,32.7,59.5,44,35,35.4
1035,18:14:49,29.2,34.7,59.3,45.4,37,35.4
1036,18:14:50,29.6,37.1,58.9,47,38.9,35.4
1037,18:14:51,29.4,39,58.2,48.1,40.8,35.5
1038,18:14:52,29.2,41.6,57.3,49.8,42.6,35.5
1039,18:14:53,28.8,43.7,56.5,51.1,44.3,35.5
1040,18:14:54,28.6,45.7,54.7,52,45.9,35.5
1041,18:14:55,28.5,48.1,53.8,53.7,47.4,35.5
1042,18:14:56,28.9,49,51.8,53.6,48.7,35.6
1043,18:14:57,28.9,50.9,50.9,55.1,50,35.6
1044,18:14:58,28.9,52.3,48.9,55.6,51.1,35.6
1045,18:14:59,28.8,54.1,47.2,56.8,52.3,35.6
1046,18:15:00,28.8,55.2,45.7,57.4,53.3,35.7
1047,18:15:01,28.6,55.3,43.6,57,54.2,35.7
1048,18:15:02,28.5,55.8,40.8,56.8,54.9,35.7
1049,18:15:03,28.4,56.7,38.3,57.3,55.5,35.7
1050,18:15:04,28.3,57.2,35.8,57.5,56.1,35.7
1051,18:15:05,28.5,58.3,33.4,58.4,56.5,35.8
1052,18:15:06,28.5,59.1,30.7,59.1,57.1,35.8
1053,18:15:07,28.5,59.3,28,59.4,57.5,35.8
1054,18:15:08,28.4,59.3,26.2,59.4,57.9,35.8
1055,18:15:09,28.3,58.5,23.7,58.9,58.1,35.8
1056,18:15:10,28.6,58.2,20.9,58.9,58.3,35.8
1057,18:15:11,28.8,57.1,18.9,58.1,58.4,35.8
1058,18:15:12,29.2,56.5,16.5,58.1,58.5,35.8
1059,18:15:13,29.7,55.1,14.6,57.2,58.5,35.8
1060,18:15:14,30.3,53.9,12.8,56.5,58.4,35.8
1061,18:15:15,30.6,51.9,11.4,55.2,58.1,35.8
1062,18:15:16,30.7,50.2,9.4,54.3,57.6,35.8
1063,18:15:17,30.5,48.2,8.2,52.9,57,35.8
1064,18:15:18,30.1,45.6,7.2,51,56.1,35.8
1065,18:15:19,29.7,43.8,5.5,50.2,55.2,35.8
1066,18:15:20,29.6,43.2,4.2,50.3,54.4,35.8
1067,18:15:21,29.6,42.8,3.9,50.1,53.6,35.8
1068,18:15:22,29.5,40.7,2.7,49,52.7,35.8
1069,18:15:23,29.4,38.6,2.3,47.5,51.7,35.8
1070,18:15:24,29.5,36.2,1.4,46.1,50.7,35.8
1071,18:15:25,29.4,34.4,0.8,45.1,49.7,36
1072,18:15:26,29.6,31.9,0.5,43.4,48.6,36
1073,18:15:27,29.8,29.3,0.4,41.6,47.4,36
1074,18:15:28,29.9,26.8,0.7,39.7,46.3,36
1075,18:15:29,29.9,24.6,2.1,37.2,45,36
1076,18:15:30,29.9,22.7,3.5,34.9,43.5,36
1077,18:15:31,29.9,20.4,4.4,32.7,41.7,36
1078,18:15:32,30.1,18.5,5.5,30.7,39.9,36
1079,18:15:33,30.2,17.4,7.4,28.5,38,36
1080,18:15:34,30.4,15.5,8.7,26.3,36,36
1081,18:15:35,30.6,13.5,9.5,24.6,34,36
1082,18:15:36,30.9,11.3,8.6,24.2,32,35.8
1083,18:15:37,31,9.2,9.2,22.8,30.2,35.8
1084,18:15:38,31.1,7.5,11.1,20.4,28.2,35.8
1085,18:15:39,31.7,6.6,13.5,17.8,26.3,35.8
1086,18:15:40,32.3,6,15.5,15.7,24.4,35.7
1087,18:15:41,32.7,4.8,16.7,14.1,22.5,35.7
1088,18:15:42,32.3,3.4,17.6,12.9,20.7,35.7
1089,18:15:43,32.3,3.2,17.8,12.6,19.1,35.7
1090,18:15:44,32.5,2.7,19.6,10.8,17.6,35.7
1091,18:15:45,32.8,1.9,21.7,8.5,16,35.9
1092,18:15:46,35.2,1.2,23.8,6.3,14.2,35.9
1093,18:15:47,35.5,1.2,25.6,4.6,12.4,35.9
1094,18:15:48,35.8,1.1,27.6,2.7,10.6,35.9
1095,18:15:49,35.9,0.8,28.4,1.8,9,35.9
1096,18:15:50,36.1,1,29.7,1.1,7.5,36
1097,18:15:51,36.1,0.6,31.3,1.4,6.3,36
1098,18:15:52,36,0.7,32.6,2.7,5.2,36
1099,18:15:53,36,0.8,33.6,3.7,4.4,36
1100,18:15:54,35.9,1.4,34,4.2,3.7,36
1101,18:15:55,35.8,1,34.4,4.5,3.3,36
1102,18:15:56,35.8,1,34.7,4.8,3.1,36.1
1103,18:15:57,35.8,1.1,34.7,4.9,3.2,36.1
1104,18:15:58,35.7,1.2,35.1,5.2,3.4,36.1
1105,18:15:59,35.6,1.1,35.5,5.6,3.8,36.1
1106,18:16:00,35.4,1.2,36.1,6.2,4.3,36.1
1107,18:16:01,34.8,1.9,38.3,8.5,5,36.2
1108,18:16:02,34,2.7,40.4,10.8,5.8,36.2
1109,18:16:03,33.4,4.1,42.6,13.3,6.8,36.2
1110,18:16:04,32.1,4.9,44.9,15.7,8,36.2
1111,18:16:05,31.8,6.5,46.6,17.8,9.3,35.9
1112,18:16:06,31.2,8.4,48.3,20.1,10.8,35.9
1113,18:16:07,30.8,9,50.2,22.1,12.5,35.9
1114,18:16:08,30.7,10.8,50.4,23.1,14.3,35.9
1115,18:16:09,30.6,13.4,51.1,24.9,16.3,35.9
1116,18:16:10,30.2,16,52.6,27.7,18.4,36
1117,18:16:11,30,18.7,54,30.4,20.6,36
1118,18:16:12,29.8,20.8,55.4,32.8,22.8,36
1119,18:16:13,29.5,22.8,56.5,35,25,36
1120,18:16:14,29.5,24.6,58,37.3,27.1,36
1121,18:16:15,28.9,26.5,59.5,39.7,29.3,36.2
1122,18:16:16,28.8,28.8,59.8,41.4,31.4,36.2
1123,18:16:17,28.9,30.5,59.7,42.6,33.5,36.2
1124,18:16:18,29,32.1,59.6,43.6,35.5,36.2
1125,18:16:19,29.2,34.3,59.4,45.1,37.6,36.2
1126,18:16:20,29.3,36.3,59.2,46.6,39.4,36.2
1127,18:16:21,29.4,37.9,58.7,47.5,41.2,36.2
1128,18:16:22,29.3,39.8,58,48.7,42.7,36.2
1129,18:16:23,29,42.3,56.6,50,44.2,36.2
1130,18:16:24,28.2,44,54.7,50.5,45.6,36.2
1131,18:16:25,28,45.6,52.7,51,46.7,36.3
1132,18:16:26,28.2,47.2,51.1,51.7,47.7,36.3
1133,18:16:27,28.4,49,50.3,53,48.8,36.3
1134,18:16:28,28.4,49.9,49.5,53.6,49.8,36.3
1135,18:16:29,28.4,51.6,49.3,55.1,50.8,36.3
1136,18:16:30,28.5,51.5,50.6,55.5,51.6,36.2
1137,18:16:31,28.5,50.9,51.2,55.1,52.4,36.2
1138,18:16:32,28.5,49.1,50.9,53.4,52.9,36.2
1139,18:16:33,28,46.4,51.1,50.9,53,36.2
1140,18:16:34,27.7,43.8,50.8,48.5,52.8,36.2
1141,18:16:35,28.5,41.1,52.1,46.6,52.3,36.1
1142,18:16:36,29.5,38.8,53.1,45.1,51.7,36.1
1143,18:16:37,29.9,36.5,52.9,43.1,50.7,36.1
1144,18:16:38,29.6,33.8,52.4,40.6,49.4,36.1
1145,18:16:39,29.2,31.2,52.1,38.2,47.7,36.1
1146,18:16:40,29.1,28.8,51.3,35.8,45.7,36.3
1147,18:16:41,29.4,26.7,50.1,33.4,43.6,36.3
1148,18:16:42,29.5,25.5,48,31.2,41.4,36.3
1149,18:16:43,29.5,24.3,46.1,29.1,39.2,36.3
1150,18:16:44,29.9,22.2,44.5,26.6,37,36.3
1151,18:16:45,30.8,20.6,42.5,24.1,34.7,36.3
1152,18:16:46,31.1,20.3,40,22.6,32.5,36.7
1153,18:16:47,30.9,21.6,38.3,23.1,30.5,36.7
1154,18:16:48,30.5,23.3,36.9,24.3,28.8,36.7
1155,18:16:49,29.9,24.8,35.2,25.4,27.6,36.7
1156,18:16:50,29.9,26.7,33.3,26.9,26.7,36.4
1157,18:16:51,29.7,28.8,33.3,29,26.2,36.4
1158,18:16:52,29.7,31.3,34,31.6,26.3,36.4
1159,18:16:53,29.7,33.3,34,33.6,26.7,36.4
1160,18:16:54,29.7,34.5,33.6,34.7,27.5,36.4
1161,18:16:55,29.7,36.9,35.3,37.2,28.8,36.2
1162,18:16:56,29.4,39.9,35.7,40.3,30.6,36.2
1163,18:16:57,29.3,40.8,37.1,41.4,32.4,36.2
1164,18:16:58,29.2,42,38.8,42.9,34.3,36.2
1165,18:16:59,29.4,43.2,40.8,44.6,36.2,36.2
1166,18:17:00,29.4,44.1,42.8,46,38.1,35.9
1167,18:17:01,29.4,45.1,44.7,47.5,40,35.9
1168,18:17:02,29.2,46.8,45.7,49.4,41.8,35.9
1169,18:17:03,29,48.2,47.5,51.3,43.5,35.9
1170,18:17:04,29,48.5,49.6,52.3,45.3,35.9
1171,18:17:05,29,49.5,51.1,53.7,46.9,35.9
1172,18:17:06,29,49.6,52.4,54.4,48.3,35.6
1173,18:17:07,28.9,47.6,53.5,53.1,49.5,35.6
1174,18:17:08,28.8,46.3,55.2,52.7,50.5,35.6
1175,18:17:09,28.7,44.7,56.2,51.8,51.2,35.6
1176,18:17:10,28.8,42.8,56.3,50.2,51.6,35.6
1177,18:17:11,28.8,40.6,56.2,48.3,51.7,35.5
1178,18:17:12,28.8,38.7,55.7,46.4,51.4,35.5
1179,18:17:13,28.9,36,55.8,44.2,50.7,35.5
1180,18:17:14,28.9,33.6,57.1,43.1,49.8,35.5
1181,18:17:15,29.2,31.6,58.1,42.3,48.7,35.5
1182,18:17:16,29.2,29.5,58.6,41.1,47.3,35.5
1183,18:17:17,29.5,26.8,58,38.7,45.9,35.5
1184,18:17:18,29.7,25.6,56.8,37.1,44.3,35.5
1185,18:17:19,29.7,23.7,55.8,35,42.7,35.5
1186,18:17:20,29.7,21.6,55.4,33.3,41,35.3
1187,18:17:21,29.8,20.3,54.2,31.6,39.3,35.3
1188,18:17:22,30,18.9,52.8,29.7,37.6,35.3
1189,18:17:23,30.1,18.1,52.4,28.8,36.1,35.3
1190,18:17:24,30.2,17.6,51.8,28,34.6,35.3
1191,18:17:25,30.8,16.7,50,26,32.9,35.1
1192,18:17:26,31,15.8,48.7,24.5,31.3,35.1
1193,18:17:27,31,15.5,47.9,23.7,29.8,35.1
1194,18:17:28,31.2,15.3,46.2,22.3,28.3,35.1
1195,18:17:29,31.2,15.5,44.2,21.1,26.9,35.1
1196,18:17:30,31.7,15.8,43.2,20.5,25.6,35.1
1197,18:17:31,31.9,15.9,42.2,20,24.5,35.3
1198,18:17:32,32.1,15.7,39.9,18.5,23.4,35.3
1199,18:17:33,32.2,15.8,38.4,17.9,22.3,35.3
1200,18:17:34,32.4,15.7,37.5,17.3,21.2,35.3
1201,18:17:35,32.6,14.9,36.7,16.3,20.2,35.1
1202,18:17:36,33.1,14.4,34.6,15.1,19.3,35.1
1203,18:17:37,33.5,14.2,32.6,14.4,18.4,35.1
1204,18:17:38,33.9,13.6,31.2,13.7,17.5,35.1
1205,18:17:39,34.2,12.2,30.1,12.2,16.6,35.1
1206,18:17:40,33.9,11.2,29.3,11.3,15.7,35.5
1207,18:17:41,34,10.2,28.8,10.3,14.7,35.5
1208,18:17:42,34,9.9,28.3,10,13.9,35.5
1209,18:17:43,34,9.5,28,9.7,13,35.5
1210,18:17:44,34,9.2,27.5,9.5,12.3,35.5
1211,18:17:45,33.9,9.1,26.8,9.6,11.6,35.6
1212,18:17:46,33.9,8.3,26.3,9.1,11,35.6
1213,18:17:47,33.9,7.9,25.9,8.9,10.4,35.6
1214,18:17:48,33.8,8.1,25.6,9.2,10,35.6
1215,18:17:49,33.8,8.3,25.5,9.4,9.7,35.6
1216,18:17:50,33.7,8.1,25.6,9.2,9.5,35.7
1217,18:17:51,33.6,7.9,24.9,9.4,9.4,35.7
1218,18:17:52,33.7,7.1,23.9,9.4,9.3,35.7
1219,18:17:53,33.7,6.9,24,9.2,9.3,35.7
1220,18:17:54,33.4,6.8,23.5,9.4,9.3,35.7
1221,18:17:55,33.2,6.7,21.5,10.8,9.4,35.7
1222,18:17:56,33.1,7.3,20.1,12.3,9.7,35.5
1223,18:17:57,33.2,6.9,19.6,12.5,10.1,35.5
1224,18:17:58,33.1,6.1,18.8,12.7,10.4,35.5
1225,18:17:59,32.9,6.2,17.1,14.4,10.9,35.5
1226,18:18:00,32.5,6,15.4,15.8,11.6,35.7
1227,18:18:01,32.3,5.1,14.4,16.4,12.3,35.7
1228,18:18:02,32.7,4.7,15.9,14.9,12.8,35.7
1229,18:18:03,32.5,3.6,17.7,12.8,13.2,35.7
1230,18:18:04,32.6,2.7,19.1,11.3,13.4,35.7
1231,18:18:05,32.8,2.9,19.7,10.7,13.4,35.5
1232,18:18:06,32.9,2.7,20.5,9.9,13.1,35.5
1233,18:18:07,33,2.5,21.2,9.2,12.8,35.5
1234,18:18:08,33,2.4,21.6,8.8,12.4,35.5
1235,18:18:09,33,2,21.8,8.5,11.8,35.5
1236,18:18:10,34.7,1.9,22.1,8.1,11,35.9
1237,18:18:11,35,1.8,23.1,7.2,10.1,35.9
1238,18:18:12,35.2,1.7,23.6,6.6,9.3,35.9
1239,18:18:13,35.3,1.5,24.2,6,8.6,35.9
1240,18:18:14,35.6,1.2,26,4.2,7.9,35.9
1241,18:18:15,35.3,1.4,27.5,2.9,7.1,35.4
1242,18:18:16,35.4,1.5,27.8,2.7,6.4,35.4
1243,18:18:17,35.4,1.1,28.3,2,5.7,35.4
1244,18:18:18,35.4,0.7,28.9,1.3,4.9,35.4
1245,18:18:19,35.5,1.5,30.3,1.5,4.2,35.4
1246,18:18:20,35.5,2.2,32.4,3.2,3.8,35.4
1247,18:18:21,35,2.6,34.4,5.1,3.6,35.2
1248,18:18:22,34.6,2.5,36.3,6.8,3.6,35.2
1249,18:18:23,34.1,1.9,38,8.2,3.8,35.2
1250,18:18:24,34.1,3.1,37.6,8.2,4.2,35.2
1251,18:18:25,34.4,4.3,36.2,7.6,4.7,35.1
1252,18:18:26,34.8,4.9,34.2,6.4,5,35.1
1253,18:18:27,34.9,6.4,32.7,6.9,5.5,35.1
1254,18:18:28,34.7,8.3,31.4,8.4,6.2,35.1
1255,18:18:29,34.6,9.3,29.5,9.3,7,35.1
1256,18:18:30,34.6,10.2,27.7,10.5,7.7,35.1
1257,18:18:31,33.7,11.3,25.9,12.1,8.4,35.1
1258,18:18:32,33.5,13,23.8,14.4,9.2,35.1
1259,18:18:33,32.6,13.8,21.9,16,10,35.1
1260,18:18:34,32.3,12.5,19.7,16.2,10.8,35.1
1261,18:18:35,31.6,13,17.6,18,11.8,35.2
1262,18:18:36,31.2,14.3,16,20,13.2,35.2
1263,18:18:37,31.2,14.2,15.5,20.3,14.5,35.2
1264,18:18:38,31.1,13.4,13.6,21.2,15.8,35.2
1265,18:18:39,30.9,14.1,12.1,22.8,17.1,35.2
1266,18:18:40,30.9,14.3,12.7,22.4,18.3,35.3
1267,18:18:41,31,15.3,14.7,21.6,19.3,35.3
1268,18:18:42,31,16.8,17.1,21.2,20,35.3
1269,18:18:43,31.2,17,19.5,20,20.4,35.3
1270,18:18:44,31.2,17.6,21.9,19.4,20.7,35.3
1271,18:18:45,31,18,24.4,18.9,20.8,35.4
1272,18:18:46,31.9,17.8,26.8,18.1,20.6,35.4
1273,18:18:47,32.2,17.2,29.5,17.2,20.3,35.4
1274,18:18:48,32.4,16.6,31.9,16.7,19.8,35.4
1275,18:18:49,32.4,16.1,34.4,16.7,19.2,35.4
1276,18:18:50,32.5,14.9,36.3,16.1,18.6,35.6
1277,18:18:51,32.6,12.9,37.8,15.1,17.9,35.6
1278,18:18:52,32.5,10.7,38.5,13.7,17.2,35.6
1279,18:18:53,33.3,8.5,39.1,12.4,16.4,35.6
1280,18:18:54,33.4,6.7,39.6,11.7,15.7,35.6
1281,18:18:55,33.2,6.6,40,12,15,35.6
1282,18:18:56,33.2,5.9,40.3,11.9,14.3,35.6
1283,18:18:57,33.3,4.8,40.6,11.7,13.8,35.6
1284,18:18:58,33.2,4.2,41.5,12.2,13.3,35.6
1285,18:18:59,32.9,3.9,42.4,13,13,35.6
1286,18:19:00,32.7,4.4,43.8,14.5,12.8,35.7
1287,18:19:01,31.7,4.9,45.1,15.8,12.9,35.7
1288,18:19:02,31.8,4.8,44.9,15.7,13.1,35.7
1289,18:19:03,31.7,4.7,45.3,16,13.4,35.7
1290,18:19:04,31.8,4.4,45.1,15.7,13.8,35.7
1291,18:19:05,31.8,4.8,44.8,15.6,14.2,35.7
1292,18:19:06,31.8,4.8,44.9,15.7,14.6,35.7
1293,18:19:07,31.9,4.4,44.5,15.2,14.9,35.7
1294,18:19:08,31.9,4.3,44.2,14.8,15.2,35.7
1295,18:19:09,31.8,5.3,44.3,15.3,15.4,35.7
1296,18:19:10,32.7,4.8,43.3,14.1,15.4,35.7
1297,18:19:11,33.3,4.5,41.8,12.6,15.1,35.6
1298,18:19:12,33.7,4.1,40.4,11.2,14.6,35.6
1299,18:19:13,33.3,5.8,40.7,12.2,14.2,35.6
1300,18:19:14,32.7,6.6,42.5,14.1,14.1,35.6
1301,18:19:15,33,6.2,43.1,14.5,14,35.7
1302,18:19:16,33.1,5.9,42.5,13.8,13.8,35.7
1303,18:19:17,33.2,5.9,42.1,13.5,13.6,35.7
1304,18:19:18,33.3,6,41.3,12.8,13.4,35.7
1305,18:19:19,33.9,5.2,39.7,11,13,35.7
1306,18:19:20,34.5,3.9,38.3,9.2,12.5,36
1307,18:19:21,34.6,3.9,37.9,8.8,12.1,36
1308,18:19:22,35.4,4,37.4,8.4,11.8,36
1309,18:19:23,35.4,3.7,36,7.1,11.3,36
1310,18:19:24,35.9,3.5,34.2,5.5,10.4,36
1311,18:19:25,35.9,3.4,34.1,5.3,9.5,36
1312,18:19:26,35.9,3.6,33.9,5.3,8.7,36
1313,18:19:27,36,4.2,32.3,4.8,7.8,36
1314,18:19:28,36.2,4.3,31.3,4.5,7,36
1315,18:19:29,36.2,4.3,31.1,4.4,6.3,36
1316,18:19:30,36.2,4.4,30.8,4.5,5.9,36
1317,18:19:31,36.2,4.2,30.4,4.2,5.4,36
1318,18:19:32,36.2,4.2,29.9,4.2,5,36
1319,18:19:33,36.1,3.7,29.1,3.9,4.7,36
1320,18:19:34,36.1,3.9,28.6,4.1,4.5,36
1321,18:19:35,36.1,4.2,29.4,4.2,4.4,36
1322,18:19:36,36,4.8,29.3,4.8,4.4,36
1323,18:19:37,36.1,4.7,29.5,4.7,4.4,36
1324,18:19:38,36,5.2,29.7,5.2,4.4,36
1325,18:19:39,35.6,6.6,30.4,6.6,4.6,36
1326,18:19:40,35,8.5,32,8.7,5.1,36
1327,18:19:41,34.8,9.5,33.9,10.3,5.7,36.3
1328,18:19:42,34.6,9.6,36.1,11.4,6.4,36.3
1329,18:19:43,34.3,9.8,37.3,12.2,7.2,36.3
1330,18:19:44,34.3,9.8,37.4,12.2,8,36.3
1331,18:19:45,34.3,9.6,37.4,12.1,8.8,36.3
1332,18:19:46,34.2,9.6,37.5,12.2,9.6,36.3
1333,18:19:47,34.2,9.6,37.5,12.2,10.3,36.3
1334,18:19:48,34.2,9.6,37.5,12.2,11,36.3
1335,18:19:49,34.3,9.5,37.3,12,11.6,36.3
1336,18:19:50,34.3,9.3,37.2,11.7,11.9,36.1
1337,18:19:51,34.3,8.6,37.4,11.3,12,36.1
1338,18:19:52,34.2,8.5,37.8,11.5,12,36.1
1339,18:19:53,34.1,7.9,38.5,11.7,11.9,36.1
1340,18:19:54,34.1,7.5,38.8,11.6,11.9,36.1
1341,18:19:55,34.2,7,38.6,11.1,11.8,36.1
1342,18:19:56,33.9,6.8,39.1,11.3,11.7,36
1343,18:19:57,34.3,5.6,38.5,10.2,11.5,36
1344,18:19:58,34.4,5.2,38.1,9.6,11.2,36
1345,18:19:59,34.5,5.1,37.9,9.4,11,36
1346,18:20:00,34.5,5,37.8,9.3,10.7,36
1347,18:20:01,34.3,4.9,38,9.4,10.5,35.7
1348,18:20:02,34.4,4.7,37.9,9.2,10.3,35.7
1349,18:20:03,34.7,4.8,36.6,8.2,9.9,35.7
1350,18:20:04,35,4.9,34.9,6.9,9.5,35.7
1351,18:20:05,35.2,5.4,33.9,6.7,9,35.7
1352,18:20:06,35.3,5.6,33.6,6.6,8.5,35.7
1353,18:20:07,35.3,5.6,33.5,6.6,8.2,35.7
1354,18:20:08,35.1,6.1,33.6,7.1,7.9,35.7
1355,18:20:09,34.9,7.1,33.3,7.9,7.8,35.7
1356,18:20:10,34.8,7.4,33.4,8.1,7.7,35.7
1357,18:20:11,34.7,7.9,32.7,8.4,7.6,35.7
1358,18:20:12,34.7,7.9,32.6,8.4,7.5,35.7
1359,18:20:13,34.7,7.9,32.3,8.3,7.5,35.7
1360,18:20:14,34.7,7.9,32.2,8.2,7.6,35.7
1361,18:20:15,34.8,7.7,32.2,8,7.8,35.9
1362,18:20:16,34.7,7.8,31.7,8,7.9,35.9
1363,18:20:17,34.5,8.2,30.2,8.2,8.1,35.9
1364,18:20:18,34.6,8.3,28.2,8.5,8.2,35.9
1365,18:20:19,34.6,8.1,27.3,8.5,8.3,35.9
1366,18:20:20,34.5,8.1,26.6,8.7,8.3,35.9
1367,18:20:21,34.4,8.2,26.1,9,8.4,36
1368,18:20:22,34.3,8.5,25.5,9.6,8.5,36
1369,18:20:23,34.2,8.3,24.3,10,8.7,36
1370,18:20:24,34,8.6,23.5,10.8,8.9,36
1371,18:20:25,34.1,8.7,23.8,10.7,9.2,36
1372,18:20:26,33.8,9.8,25.2,10.9,9.5,36.1
1373,18:20:27,34.3,10.1,27.8,10.3,9.7,36.1
1374,18:20:28,34.3,10.2,30.5,10.2,9.9,36.1
1375,18:20:29,34.5,9.6,32.5,10,10,36.1
1376,18:20:30,34.6,9.1,33.3,9.6,10.1,36.1
1377,18:20:31,34.8,8.6,34.1,9.5,10.2,36.1
1378,18:20:32,34.8,8.2,35.1,9.6,10.2,36.1
1379,18:20:33,34.7,7.5,35.9,9.5,10.1,36.1
1380,18:20:34,34.7,7,36.3,9.5,10,36.1
1381,18:20:35,34.7,7,36.3,9.5,9.9,36
1382,18:20:36,34.9,6.9,35.8,9,9.7,36
1383,18:20:37,34.8,6.4,36.2,8.9,9.5,36
1384,18:20:38,35,6,35.8,8.3,9.3,36
1385,18:20:39,34.9,5.4,36.5,8.5,9.2,36
1386,18:20:40,34.4,5.6,38,9.7,9.2,36
1387,18:20:41,34,5.7,39.1,10.7,9.3,36
1388,18:20:42,33.9,5.8,39.2,10.8,9.4,36
1389,18:20:43,33.8,6,39.3,11,9.6,36
1390,18:20:44,33.8,6,39.4,11.1,9.8,36
1391,18:20:45,33.7,5.9,39.6,11.2,9.9,36
1392,18:20:46,33.5,5.9,40,11.6,10.2,36
1393,18:20:47,33.4,5.7,40.4,11.9,10.5,36
1394,18:20:48,33.3,5.9,40.8,12.3,10.9,36
1395,18:20:49,33.2,6.1,40.8,12.5,11.3,36
1396,18:20:50,33.1,6.1,40.9,12.5,11.6,36.1
1397,18:20:51,33.1,6.2,40.9,12.6,11.8,36.1
1398,18:20:52,33,6.2,41.3,12.9,12,36.1
1399,18:20:53,32.7,6.9,41.7,13.6,12.2,36.1
1400,18:20:54,32.8,6.8,41.4,13.2,12.4,36.1
1401,18:20:55,32.6,7,41.5,13.5,12.7,35.6
1402,18:20:56,32.5,7.1,41.9,13.9,12.9,35.6
1403,18:20:57,32.7,6.9,41.2,13.1,13,35.6
1404,18:20:58,33.1,6.5,40.2,12.1,13,35.6
1405,18:20:59,33.4,6.2,39.4,11.3,12.9,35.6
1406,18:21:00,33.6,6.1,38.7,10.7,12.7,35.4
1407,18:21:01,33.9,6.8,37.4,10,12.4,35.4
1408,18:21:02,34.1,7.7,36.2,9.9,12.1,35.4
1409,18:21:03,34.2,8.4,35.3,9.9,11.8,35.4
1410,18:21:04,34.3,8.5,34.8,9.8,11.4,35.4
1411,18:21:05,34.2,9.3,34.7,10.4,11.1,35.4
1412,18:21:06,34,10,34.6,11,10.8,35.4
1413,18:21:07,34.1,9.5,32.9,10,10.5,35.4
1414,18:21:08,34.1,9.5,30.5,9.5,10.3,35.4
1415,18:21:09,34.2,9.5,28,9.7,10.1,35.4
1416,18:21:10,34.1,8.3,26.1,9.2,9.9,35.4
1417,18:21:11,34.1,7,24.1,9.2,9.9,35.5
1418,18:21:12,33.9,5.9,22.3,9.7,9.8,35.5
1419,18:21:13,33.7,5,20.7,10.5,9.9,35.5
1420,18:21:14,32.7,3.9,19.4,11.3,10.1,35.5
1421,18:21:15,32.3,3.3,17.7,12.7,10.3,35.5
1422,18:21:16,32.1,3.9,15.7,14.8,10.7,35.5
1423,18:21:17,32.4,4.3,14.9,15.7,11.2,35.5
1424,18:21:18,32,5.2,13.6,17.2,12,35.5
1425,18:21:19,31.1,6.9,11.9,19.4,13,35.5
1426,18:21:20,30.8,8.7,10.7,21.2,14.2,35.6
1427,18:21:21,30.8,11.3,11.1,22.1,15.5,35.6
1428,18:21:22,30.6,14.1,11.8,23,16.8,35.6
1429,18:21:23,30.5,16.4,12.4,24.1,18.1,35.6
1430,18:21:24,30.5,18.4,13.1,25,19.5,35.6
1431,18:21:25,30.8,20.1,15.7,24.7,20.7,35.6
1432,18:21:26,30.8,20.9,18.1,24,21.6,35.6
1433,18:21:27,30.3,21.3,21.1,23.1,22.4,35.6
1434,18:21:28,30.4,21,23.7,21.9,22.8,35.6
1435,18:21:29,31,19.5,25.6,20,22.9,35.6
1436,18:21:30,32.1,17.5,26.9,17.7,22.6,35.6
1437,18:21:31,33,14.9,27.9,15,21.9,35.8
1438,18:21:32,33.7,13.2,29.5,13.2,20.9,35.8
1439,18:21:33,34.2,11.3,30.9,11.4,19.6,35.8
1440,18:21:34,34.2,11,31.3,11.1,18.2,35.8
1441,18:21:35,34.2,10.8,31.1,10.8,16.8,35.8
1442,18:21:36,34.2,10.8,30.8,10.8,15.5,35.9
1443,18:21:37,34.2,10.5,30.2,10.6,14.2,35.9
1444,18:21:38,34.3,9.6,28.9,9.7,13,35.9
1445,18:21:39,34.5,8.3,29.7,8.3,11.9,35.9
1446,18:21:40,35.5,6.5,30.4,6.5,10.7,35.9
1447,18:21:41,36.3,5,31.2,5.1,9.7,36.1
1448,18:21:42,36.3,4.9,31.2,5,8.9,36.1
1449,18:21:43,36.3,4.4,31.6,4.7,8.3,36.1
1450,18:21:44,36.4,4,31.5,4.2,7.6,36.1
1451,18:21:45,36,2.9,31.2,3.2,6.8,35.8
1452,18:21:46,36,2.4,31.2,2.6,6,35.8
1453,18:21:47,35.8,1.7,32.9,3.4,5.3,35.8
1454,18:21:48,35.3,1.1,35.4,5.5,4.9,35.8
1455,18:21:49,35.1,1.2,36.1,6.2,4.6,35.8
1456,18:21:50,35,1.5,37.1,7.2,4.7,36
1457,18:21:51,34.8,1.8,37.7,7.9,5,36
1458,18:21:52,34.1,3.1,39.2,9.7,5.5,36
1459,18:21:53,33.6,3.4,40.5,11.1,6.1,36
1460,18:21:54,33.3,3.6,41.7,12.2,6.9,36
1461,18:21:55,33.2,4.1,42.6,13.3,7.9,36
1462,18:21:56,32.1,5.6,44.2,15.3,9.2,36
1463,18:21:57,31.9,6.6,46,17.3,10.6,36
1464,18:21:58,31.8,7.9,47.7,19.4,12,36
1465,18:21:59,31.7,8.8,48.9,20.9,13.4,36
1466,18:22:00,31.1,10,49.9,22.3,14.9,36.1
1467,18:22:01,31,12,51.7,24.8,16.6,36.1
1468,18:22:02,30.9,12.8,53.4,26.7,18.3,36.1
1469,18:22:03,30.6,14.6,54.6,28.6,20.1,36.1
1470,18:22:04,30.2,17.5,55.7,31.1,22,36.1
1471,18:22:05,29.7,19.8,57.3,33.7,24,35.8
1472,18:22:06,29.5,22.8,58.2,36.3,26.1,35.8
1473,18:22:07,29.5,24.4,59.3,38.1,28.2,35.8
1474,18:22:08,29.5,26.2,59.3,39.3,30.2,35.8
1475,18:22:09,29.6,29.3,59.7,41.7,32.2,35.8
1476,18:22:10,29.2,32.1,58.7,43.1,34.3,35.7
1477,18:22:11,28.9,34.8,57.6,44.4,36.3,35.7
1478,18:22:12,28.8,37.5,56.4,45.9,38.2,35.7
1479,18:22:13,28.9,40,56.5,48,40.2,35.7
1480,18:22:14,28.9,42.5,56,49.9,42,35.7
1481,18:22:15,28.5,45,55.9,51.9,43.9,35.7
1482,18:22:16,28.5,46.8,54.4,52.8,45.5,35.5
1483,18:22:17,28.3,49.2,52.5,54.1,47.1,35.5
1484,18:22:18,28.2,50.5,51.7,54.9,48.7,35.5
1485,18:22:19,28.2,52.1,50,55.8,50.1,35.5
1486,18:22:20,28.3,54,47.5,56.7,51.5,35.5
1487,18:22:21,28.5,54,45.4,56.1,52.6,35.6
1488,18:22:22,28.5,54.7,43.2,56.2,53.7,35.6
1489,18:22:23,28.6,55.6,40.2,56.5,54.5,35.6
1490,18:22:24,28.5,56.3,38.5,56.9,55.2,35.6
1491,18:22:25,28.3,57.3,37.5,57.8,55.8,35.6
1492,18:22:26,28.4,57.5,35.5,57.8,56.3,35.6
1493,18:22:27,28.3,59.1,34.5,59.3,56.8,35.6
1494,18:22:28,28.3,59.1,33.8,59.2,57.2,35.6
1495,18:22:29,28.2,59.3,32.1,59.4,57.6,35.6
1496,18:22:30,28.2,58.8,29.5,58.8,57.8,35.4
1497,18:22:31,28.3,58.3,26.6,58.4,58,35.4
1498,18:22:32,28.4,59.1,24.7,59.3,58.3,35.4
1499,18:22:33,28.4,58.6,22.8,59.1,58.6,35.4
1500,18:22:34,28.9,58.2,21.2,58.9,58.8,35.4
1501,18:22:35,28.7,58,20.2,58.8,58.9,35.3
1502,18:22:36,28.7,57.2,18.4,58.3,58.9,35.3
1503,18:22:37,28.8,55.8,16.1,57.5,58.8,35.3
1504,18:22:38,28.9,54.9,14,57.2,58.6,35.3
1505,18:22:39,29,52.9,12.2,55.8,58.2,35.3
1506,18:22:40,29,51.7,9.9,55.5,57.9,35.3
1507,18:22:41,29.2,50.1,8.9,54.4,57.5,35.8
1508,18:22:42,29.3,48.1,7.5,53.1,56.8,35.8
1509,18:22:43,29.4,45.3,6.3,51.1,56,35.8
1510,18:22:44,29.4,43,5.3,49.6,55.1,35.8
1511,18:22:45,29.5,41.5,6.2,47.8,54,35.8
1512,18:22:46,29.5,41.2,8.9,46.2,52.8,35.9
1513,18:22:47,29.4,40.4,11.1,44.6,51.5,35.9
1514,18:22:48,29.4,38.4,13.2,42,50,35.9
1515,18:22:49,29.4,35.8,13.2,39.6,48.4,35.9
1516,18:22:50,29.5,33.9,10.6,39.1,46.7,35.9
1517,18:22:51,29.5,32.1,8.5,38.6,45.2,35.9
1518,18:22:52,29.5,30.1,6.6,38.1,43.7,35.9
1519,18:22:53,29.5,28.5,5.1,37.9,42.3,35.9
1520,18:22:54,29.5,28.5,2.9,39.3,41.3,35.9
1521,18:22:55,29.6,27.8,0.7,40.4,40.6,35.7
1522,18:22:56,29.5,27.1,0.4,40.1,40,35.7
1523,18:22:57,29.5,27,0.3,40.1,39.5,35.7
1524,18:22:58,29.6,27.9,0.3,40.7,39.4,35.7
1525,18:22:59,29.6,27.8,0.3,40.7,39.5,35.7
1526,18:23:00,29.6,27.7,0.3,40.6,39.6,35.7
1527,18:23:01,29.5,27.3,0.3,40.4,39.8,35.7
1528,18:23:02,29.5,27.2,0.3,40.3,40,35.7
1529,18:23:03,29.5,26.8,0.3,40,40.2,35.7
1530,18:23:04,29.3,25.5,0.5,39,40.2,35.7
1531,18:23:05,29.2,23.7,1.3,37.3,39.9,35.7
1532,18:23:06,29.2,21.2,2,35.1,39.4,35.7
1533,18:23:07,29.4,19.5,2.6,33.6,38.8,35.7
1534,18:23:08,30.3,17.1,3.8,31.3,37.8,35.7
1535,18:23:09,30.4,15.2,4.6,29.6,36.7,35.7
1536,18:23:10,30.5,13.2,5.7,27.6,35.4,35.6
1537,18:23:11,30.5,12.7,6.2,27,34.1,35.6
1538,18:23:12,30.4,12.5,6.3,26.8,32.7,35.6
1539,18:23:13,30.4,12,6.7,26.2,31.3,35.6
1540,18:23:14,30.4,11.3,7.3,25.4,30,35.6
1541,18:23:15,30.4,10,8.1,24.1,28.7,35.2
1542,18:23:16,30.4,9.4,9.7,22.4,27.4,35.2
1543,18:23:17,30.4,9.4,10.2,21.9,26.2,35.2
1544,18:23:18,30.6,9.1,12.2,20,25.1,35.2
1545,18:23:19,31,7.6,13.9,17.8,23.9,35.2
1546,18:23:20,31.8,6.6,14.5,16.8,22.8,35
1547,18:23:21,32.3,5.4,15.3,15.7,21.7,35
1548,18:23:22,32.7,4.5,16.1,14.6,20.5,35
1549,18:23:23,33.1,4.3,17.2,13.5,19.2,35
1550,18:23:24,32.7,3.4,17.4,13.1,18,35
1551,18:23:25,33,2.9,18.1,12.3,16.8,35.2
1552,18:23:26,33.1,2.8,18.5,11.8,15.8,35.2
1553,18:23:27,33.2,2.6,18.8,11.5,14.7,35.2
1554,18:23:28,33.3,2.6,19.1,11.3,13.8,35.2
1555,18:23:29,33.4,2.5,19.5,10.8,13.1,35.2
1556,18:23:30,33.6,2.2,20.7,9.5,12.4,35.2
1557,18:23:31,33.8,1.7,21.8,8.4,11.7,35.2
1558,18:23:32,34.3,1.5,23.5,6.7,10.9,35.2
1559,18:23:33,35.2,1.2,24.8,5.3,10.1,35.2
1560,18:23:34,35.2,1.5,25.6,4.7,9.2,35.2
1561,18:23:35,35.2,1.7,26,4.3,8.4,35.2
1562,18:23:36,35.2,1.9,26.2,4.3,7.7,35.2
1563,18:23:37,35.2,1.9,26.3,4.2,6.9,35.2
1564,18:23:38,35.2,1.9,26.5,4,6.2,35.2
1565,18:23:39,35.2,2,27.1,3.6,5.5,35.2
1566,18:23:40,35.2,1.9,27.4,3.3,4.9,35.2
1567,18:23:41,35.2,1.9,27.5,3.2,4.3,35.2
1568,18:23:42,35.2,1.6,27.6,2.9,4,35.2
1569,18:23:43,35.2,1.6,27.9,2.6,3.7,35.2
1570,18:23:44,35.2,1.6,28,2.6,3.5,35.2
1571,18:23:45,35.3,1.7,28.2,2.5,3.3,35.3
1572,18:23:46,35.3,1.8,28.5,2.3,3.1,35.3
1573,18:23:47,35.3,1.8,28.9,2.1,2.9,35.3
1574,18:23:48,35.3,1.9,29.2,2.1,2.7,35.3
1575,18:23:49,35.3,1.9,29.1,2.1,2.6,35.3
1576,18:23:50,35.3,1.9,29.2,2.1,2.5,35.3
1577,18:23:51,35.3,1.9,29.2,2.1,2.3,35.3
1578,18:23:52,35.3,1.8,29.1,2,2.3,35.3
1579,18:23:53,35.3,2.2,29.3,2.3,2.2,35.3
1580,18:23:54,35.3,2.3,29.3,2.4,2.2,35.3
1581,18:23:55,35.3,2.3,29.3,2.4,2.2,35.3
1582,18:23:56,35.5,2.4,29.4,2.5,2.2,35.5
1583,18:23:57,35.5,2.3,29.5,2.3,2.2,35.5
1584,18:23:58,35.5,2.3,29.6,2.3,2.3,35.5
1585,18:23:59,35.5,2.3,29.6,2.3,2.3,35.5
1586,18:24:00,35.7,2.3,29.7,2.3,2.3,35.6
1587,18:24:01,35.7,2.3,29.8,2.3,2.3,35.6
1588,18:24:02,35.7,2.4,29.8,2.4,2.3,35.6
1589,18:24:03,35.7,2.4,29.8,2.4,2.4,35.6
1590,18:24:04,35.7,2.4,29.8,2.4,2.4,35.6
1591,18:24:05,35.5,2.3,29.7,2.3,2.3,35.4
1592,18:24:06,35.5,2.2,29.8,2.2,2.3,35.4
1593,18:24:07,35.5,2.2,29.8,2.2,2.3,35.4
1594,18:24:08,35.5,2.2,29.8,2.2,2.3,35.4
1595,18:24:09,35.5,2,29.7,2.1,2.3,35.4
1596,18:24:10,35.6,2,30.2,2.1,2.2,35.5
1597,18:24:11,35.6,1.9,30.3,2,2.2,35.5
1598,18:24:12,35.6,1.9,30.4,2,2.2,35.5
1599,18:24:13,35.6,1.8,30.3,1.8,2.1,35.5
1600,18:24:14,35.6,1.7,30.3,1.7,2,35.5
1601,18:24:15,35.6,1.7,30.4,1.8,2,35.5
1602,18:24:16,35.6,1.7,30.3,1.7,1.9,35.6
1603,18:24:17,35.6,1.7,30.4,1.8,1.9,35.6
1604,18:24:18,35.6,1.6,30.6,1.7,1.9,35.6
1605,18:24:19,35.7,1.4,30.5,1.5,1.8,35.6
1606,18:24:20,35.7,1.4,30.5,1.5,1.7,35.6
1607,18:24:21,35.9,1.2,30.5,1.4,1.7,35.7
1608,18:24:22,35.8,1.2,30.6,1.4,1.6,35.7
1609,18:24:23,35.8,1.2,30.4,1.3,1.6,35.7
1610,18:24:24,35.8,1.4,30.3,1.4,1.5,35.7
1611,18:24:25,36.1,1.2,30.2,1.3,1.5,36
1612,18:24:26,36.1,1.2,30.2,1.3,1.4,36
1613,18:24:27,36.1,1.2,30.3,1.3,1.4,36
1614,18:24:28,36.1,1.2,30.2,1.3,1.3,36
1615,18:24:29,36.1,1.2,30,1.2,1.3,36
1616,18:24:30,36.4,1.1,30.1,1.1,1.3,36.3
1617,18:24:31,36.4,1,30.1,1,1.3,36.3
1618,18:24:32,36.6,0.8,30.5,1,1.2,36.3
1619,18:24:33,36.4,0.8,30.7,1.1,1.2,36.3
1620,18:24:34,36.4,0.8,31.3,1.5,1.2,36.3
1621,18:24:35,36.5,0.7,31.4,1.5,1.2,36.4
1622,18:24:36,36.5,0.6,31.4,1.5,1.3,36.4
1623,18:24:37,36.5,0.5,31.4,1.4,1.3,36.4
1624,18:24:38,36.5,0.7,31.6,1.7,1.3,36.4
1625,18:24:39,36.4,0.8,32.5,2.6,1.5,36.4
1626,18:24:40,36.4,0.7,32.8,2.9,1.6,36.4
1627,18:24:41,36.3,0.9,32.9,3.1,1.8,36.3
1628,18:24:42,36.3,0.9,32.9,3.1,2,36.3
1629,18:24:43,36.3,0.9,32.9,3.1,2.2,36.3
1630,18:24:44,36.3,1,33.1,3.2,2.4,36.3
1631,18:24:45,36.3,1,33.1,3.2,2.6,36.4
1632,18:24:46,36.3,1.2,33.1,3.3,2.8,36.4
1633,18:24:47,36.3,1.2,33.1,3.3,3,36.4
1634,18:24:48,36.3,1.2,33.4,3.6,3.1,36.4
1635,18:24:49,36.3,1.1,33.3,3.5,3.2,36.4
1636,18:24:50,36.3,1.2,33.2,3.4,3.3,36.4
1637,18:24:51,36.3,1.2,33.3,3.5,3.3,36.4
1638,18:24:52,36.3,1.2,33.3,3.5,3.4,36.4
1639,18:24:53,36.3,1.2,33.3,3.5,3.4,36.4
1640,18:24:54,36.3,1.1,33.4,3.6,3.4,36.4
1641,18:24:55,36.2,1,33.5,3.6,3.5,36.3
1642,18:24:56,36.2,1.1,33.5,3.7,3.5,36.3
1643,18:24:57,36.2,1,33.5,3.6,3.5,36.3
1644,18:24:58,36.2,1,33.6,3.7,3.6,36.3
1645,18:24:59,36.2,1,33.6,3.7,3.6,36.3
1646,18:25:00,36.1,1,33.6,3.7,3.6,36.2
1647,18:25:01,36,1,33.7,3.8,3.6,36.2
1648,18:25:02,36,0.9,33.9,4,3.7,36.2
1649,18:25:03,36,1,33.9,4,3.7,36.2
1650,18:25:04,36,1.1,33.9,4.1,3.8,36.2
1651,18:25:05,36,1.1,33.9,4.1,3.8,36.2
1652,18:25:06,36,1,34.3,4.4,3.9,36.3
1653,18:25:07,35.8,1.2,35.2,5.3,4.1,36.3
1654,18:25:08,35.8,1.1,35.4,5.5,4.3,36.3
1655,18:25:09,35.7,1,35.6,5.7,4.5,36.3
1656,18:25:10,35.3,1.1,36,6.1,4.7,36
1657,18:25:11,35.3,1.7,36.1,6.3,4.9,36
1658,18:25:12,35.2,1.7,36.4,6.6,5.2,36
1659,18:25:13,35.2,1.6,36.4,6.6,5.5,36
1660,18:25:14,35.1,1.7,36.9,7.2,5.8,36
1661,18:25:15,35.2,1.8,37.3,7.5,6.1,36.3
1662,18:25:16,35.1,2.2,37.7,8,6.5,36.3
1663,18:25:17,35,2,37.9,8.2,6.8,36.3
1664,18:25:18,35,2,38,8.3,7,36.3
1665,18:25:19,34.9,2.2,38.1,8.4,7.3,36.3
1666,18:25:20,35,2.2,38.2,8.5,7.6,36.3
1667,18:25:21,35,2.3,38.2,8.5,7.8,36.3
1668,18:25:22,34.9,2.3,38.3,8.6,8,36.3
1669,18:25:23,34.9,2.2,38.3,8.6,8.2,36.3
1670,18:25:24,34.8,2.3,38.6,8.9,8.3,36.3
1671,18:25:25,34.8,2.4,38.7,9.1,8.5,36.3
1672,18:25:26,34.7,2.6,38.9,9.3,8.6,36.3
1673,18:25:27,34.7,2.6,38.8,9.2,8.7,36.3
1674,18:25:28,34.7,2.6,38.9,9.3,8.8,36.3
1675,18:25:29,34.7,2.5,38.8,9.2,8.9,36.3
1676,18:25:30,34.7,2.4,38.9,9.3,9,36.3
1677,18:25:31,34.8,2.2,38.4,8.7,9,36.3
1678,18:25:32,35,1.8,37.9,8.1,9,36.3
1679,18:25:33,35,2.2,37.9,8.2,8.9,36.3
1680,18:25:34,34.9,2.4,38.2,8.5,8.9,36.3
1681,18:25:35,35,2.5,38.2,8.6,8.8,36.4
1682,18:25:36,35,2.5,38.2,8.6,8.8,36.4
1683,18:25:37,35.2,2.6,37.6,8,8.6,36.4
1684,18:25:38,35.2,2.7,37.6,8.1,8.5,36.4
1685,18:25:39,35.2,2.9,37.5,8,8.4,36.4
1686,18:25:40,35,2.9,37.5,8,8.3,36.1
1687,18:25:41,35,2.9,37.5,8,8.2,36.1
1688,18:25:42,34.9,3.2,37.6,8.2,8.2,36.1
1689,18:25:43,34.9,3.3,37.7,8.4,8.2,36.1
1690,18:25:44,34.9,3.4,37.6,8.3,8.2,36.1
1691,18:25:45,34.9,3.6,37.7,8.5,8.2,35.9
1692,18:25:46,34.8,3.9,37.8,8.7,8.2,35.9
1693,18:25:47,34.9,3.7,37.8,8.6,8.3,35.9
1694,18:25:48,34.8,3.9,37.9,8.8,8.4,35.9
1695,18:25:49,34.7,3.9,38.1,9,8.5,35.9
1696,18:25:50,35.2,4,38.1,9,8.6,35.9
1697,18:25:51,34.7,3.6,38.2,9,8.6,35.8
1698,18:25:52,34.4,4.4,38.9,10,8.8,35.8
1699,18:25:53,34.1,4.9,40,11.1,9.1,35.8
1700,18:25:54,33.8,4.8,41.4,12.3,9.5,35.8
1701,18:25:55,33.6,4.8,42.6,13.5,10,36
1702,18:25:56,33.6,4.4,43.3,14,10.5,36
1703,18:25:57,33.6,4.1,43.5,14.1,11.1,36
1704,18:25:58,32.6,4.4,44.1,14.8,11.7,36
1705,18:25:59,32.3,5.9,45.6,16.7,12.4,36
1706,18:26:00,32,7.4,46.6,18.2,13.4,36
1707,18:26:01,31.4,8.1,48.1,19.8,14.4,36
1708,18:26:02,30.8,8.7,49.6,21.4,15.6,36
1709,18:26:03,30.5,11.1,50.5,23.3,16.8,36
1710,18:26:04,30.5,12.4,52.3,25.5,18.1,36
1711,18:26:05,30.9,12.2,53.1,26.1,19.4,36.1
1712,18:26:06,30.8,12.9,53.6,26.9,20.7,36.1
1713,18:26:07,30.5,15.5,54.2,28.8,22.2,36.1
1714,18:26:08,30.1,17.6,55.4,30.9,23.8,36.1
1715,18:26:09,29.3,18.8,57.2,33,25.4,36.1
1716,18:26:10,29.3,20.4,58,34.7,27,36.4
1717,18:26:11,29.2,21.7,58.5,35.8,28.6,36.4
1718,18:26:12,29.2,23.9,58.9,37.6,30.3,36.4
1719,18:26:13,29.2,26.7,59.4,39.7,31.9,36.4
1720,18:26:14,29.3,28,59.5,40.7,33.4,36.4
1721,18:26:15,29.4,29.4,58.6,41,34.9,36.4
1722,18:26:16,29.3,31.4,58.7,42.6,36.5,36.4
1723,18:26:17,28.9,33.6,59.3,44.5,38,36.4
1724,18:26:18,28.7,35.2,58.8,45.5,39.5,36.4
1725,18:26:19,28.5,37.2,57.8,46.4,40.8,36.4
1726,18:26:20,28.7,39.2,58,48.2,42.2,36.4
1727,18:26:21,28.6,41.3,57.8,49.8,43.6,36.4
1728,18:26:22,28.8,43,56.5,50.5,44.9,36.4
1729,18:26:23,28.6,45.1,55.9,52,46.1,36.4
1730,18:26:24,28.7,46.6,54.9,52.9,47.3,36.4
1731,18:26:25,29,47.9,53.8,53.4,48.6,36.4
1732,18:26:26,29.1,49.3,52.8,54.4,49.8,36.4
1733,18:26:27,29.2,50.1,50.9,54.3,50.7,36.4
1734,18:26:28,29.2,52.1,49.7,55.7,51.8,36.4
1735,18:26:29,29.2,52.9,48.7,56.1,52.7,36.4
1736,18:26:30,29,53.9,47.1,56.5,53.6,36.2
1737,18:26:31,28.8,55.5,45.6,57.6,54.3,36.2
1738,18:26:32,28.8,55.7,44.4,57.5,55,36.2
1739,18:26:33,28.7,57.1,42.4,58.4,55.7,36.2
1740,18:26:34,28.7,57.6,40.3,58.5,56.2,36.2
1741,18:26:35,29.1,58.2,39.1,58.9,56.8,36
1742,18:26:36,28.8,58.6,36.7,59,57.3,36
1743,18:26:37,28.8,58.9,35.2,59.1,57.7,36
1744,18:26:38,28.7,58.8,32.2,58.8,58,36
1745,18:26:39,28.7,59.2,30.1,59.2,58.4,36
1746,18:26:40,28.6,59.7,28.3,59.7,58.7,36
1747,18:26:41,28.7,59.2,26.1,59.3,58.8,36.1
1748,18:26:42,28.6,58.9,24.4,59.1,59,36.1
1749,18:26:43,28.7,59,23.6,59.3,59.1,36.1
1750,18:26:44,28.7,58.5,22.6,59,59.1,36.1
1751,18:26:45,28.3,58,20.3,58.8,59.1,35.9
1752,18:26:46,28.5,56.8,17.9,58.1,59,35.9
1753,18:26:47,28.5,55.3,15.3,57.3,58.9,35.9
1754,18:26:48,28.5,54.3,13.4,56.8,58.7,35.9
1755,18:26:49,28.7,52.7,11.7,55.8,58.3,35.9
1756,18:26:50,28.3,51,9.8,54.9,57.8,35.9
1757,18:26:51,28.4,49.2,8.5,53.7,57.3,35.9
1758,18:26:52,28.5,47.6,7.1,52.9,56.7,35.9
1759,18:26:53,28.5,47.4,7.1,52.7,56,35.9
1760,18:26:54,28.7,46.4,6.7,51.9,55.3,35.9
1761,18:26:55,28.8,44.8,6.3,50.7,54.5,35.7
1762,18:26:56,28.7,45.3,5.4,51.5,53.8,35.7
1763,18:26:57,28.8,43.4,4.5,50.4,53.1,35.7
1764,18:26:58,28.9,42,5.5,48.6,52.3,35.7
1765,18:26:59,28.9,39.5,6,46.2,51.3,35.7
1766,18:27:00,28.9,36.5,6,43.7,50.2,35.7
1767,18:27:01,29.2,34.3,5.1,42.4,49.1,35.8
1768,18:27:02,30,32.3,3.6,41.7,48,35.8
1769,18:27:03,30.1,30.9,1.8,41.8,46.9,35.8
1770,18:27:04,30.3,29.7,1.3,41.3,45.8,35.8
1771,18:27:05,30.5,29,0.9,41.1,44.9,35.6
1772,18:27:06,30.5,29.1,0.3,41.6,43.9,35.6
1773,18:27:07,30.4,28.1,0.5,40.7,42.9,35.6
1774,18:27:08,30.4,27.9,0.5,40.6,42.1,35.6
1775,18:27:09,30.3,26.5,1.2,39.2,41.4,35.6
1776,18:27:10,29.8,25.2,1.5,38,40.9,35.8
1777,18:27:11,29.7,23.1,2.7,35.8,40.2,35.8
1778,18:27:12,29.8,20.8,4.4,32.9,39.3,35.8
1779,18:27:13,30.3,18.6,5.8,30.5,38.2,35.8
1780,18:27:14,30.7,16.6,7.4,28,36.9,35.8
1781,18:27:15,30.7,14.7,9.4,25.4,35.3,35.9
1782,18:27:16,30.9,14.1,10.5,24,33.5,35.9
1783,18:27:17,31,13,11.3,22.8,31.7,35.9
1784,18:27:18,30.9,12.1,11.9,21.8,29.9,35.9
1785,18:27:19,31,11.6,12.4,21,28,35.9
1786,18:27:20,31,11,12.1,21,26.3,35.9
1787,18:27:21,31,10.8,11.4,21.5,24.9,35.9
1788,18:27:22,31,9.4,10.9,21.3,23.7,35.9
1789,18:27:23,31.2,6.9,11.5,19.8,22.7,35.9
1790,18:27:24,31.3,6.1,12.4,18.6,21.7,35.9
1791,18:27:25,32.3,5.3,14.3,16.6,20.8,35.9
1792,18:27:26,32.8,4.9,15.6,15.2,20,36.1
1793,18:27:27,33,5.2,16.3,14.6,19.1,36.1
1794,18:27:28,33.1,5.7,16.8,14.3,18.4,36.1
1795,18:27:29,33.3,6,17.4,14,17.7,36.1
1796,18:27:30,33.5,6.4,18.3,13.3,16.9,36.2
1797,18:27:31,33.6,6.5,18.8,12.9,16.1,36.2
1798,18:27:32,33.6,6.6,18.8,13,15.2,36.2
1799,18:27:33,33.7,6,19.2,12.4,14.5,36.2
1800,18:27:34,33.9,6.6,19.8,12.1,13.8,36.2
1801,18:27:35,34,6.6,20.1,11.9,13.4,36.4
1802,18:27:36,34,6.5,20.1,11.8,13,36.4
1803,18:27:37,34,6.2,20,11.8,12.7,36.4
1804,18:27:38,34,6.2,20,11.8,12.5,36.4
1805,18:27:39,34,6.1,20,11.7,12.3,36.4
1806,18:27:40,34,6,20,11.7,12.1,36.4
1807,18:27:41,34,6,20,11.7,12,36.4
1808,18:27:42,34,6,19.9,11.8,11.9,36.4
1809,18:27:43,34.1,6.1,20.3,11.5,11.8,36.4
1810,18:27:44,34.2,5.7,20.9,10.7,11.6,36.4
1811,18:27:45,34.2,5.4,20.9,10.6,11.5,36.4
1812,18:27:46,34.2,5.4,21.1,10.5,11.4,36.4
1813,18:27:47,34.2,5.6,20.9,10.6,11.2,36.4
1814,18:27:48,34.2,5.4,21.1,10.5,11.1,36.4
1815,18:27:49,34.3,5.2,21.3,10.2,11,36.4
1816,18:27:50,34.3,5.4,21.9,9.8,10.8,36.4
1817,18:27:51,34.2,5.6,22.1,9.7,10.6,36.3
1818,18:27:52,34.2,5.6,22,9.7,10.4,36.3
1819,18:27:53,34.2,5.7,22.1,9.7,10.2,36.3
1820,18:27:54,34.3,5.9,23.3,9,10,36.3
1821,18:27:55,34.9,6.2,24.3,8.4,9.8,36.5
1822,18:27:56,34.9,6.1,24.5,8.2,9.6,36.5
1823,18:27:57,35,6.1,24.6,8.1,9.3,36.5
1824,18:27:58,35,5.9,24.6,8,9.1,36.5
1825,18:27:59,35,5.8,24.6,7.9,8.8,36.5
1826,18:28:00,35.1,5.8,24.8,7.8,8.6,36.3
1827,18:28:01,35.1,5.8,24.9,7.7,8.5,36.3
1828,18:28:02,35.1,5.9,24.9,7.8,8.3,36.3
1829,18:28:03,35.1,5.8,24.9,7.7,8,36.3
1830,18:28:04,35.1,5.8,24.9,7.7,7.9,36.3
1831,18:28:05,35.1,5.8,24.9,7.7,7.8,36.4
1832,18:28:06,35.1,5.9,24.9,7.8,7.8,36.4
1833,18:28:07,35.1,5.8,24.8,7.8,7.8,36.4
1834,18:28:08,35.1,5.9,24.8,7.8,7.7,36.4
1835,18:28:09,35.1,5.7,24.5,7.9,7.7,36.4
1836,18:28:10,35.1,5.7,24.5,7.9,7.8,36.4
1837,18:28:11,35.1,5.7,24.4,8,7.8,36.4
1838,18:28:12,35.1,5.7,24.2,8.1,7.8,36.4
1839,18:28:13,35.1,5.7,24.4,8,7.8,36.4
1840,18:28:14,35.2,5.6,24.6,7.7,7.9,36.4
1841,18:28:15,35,5.3,24.4,7.7,7.9,36.2
1842,18:28:16,35,5.2,24.3,7.7,7.9,36.2
1843,18:28:17,35,5.3,24.3,7.8,7.9,36.2
1844,18:28:18,35,5.2,24.3,7.7,7.8,36.2
1845,18:28:19,35,4.8,24.1,7.6,7.8,36.2
1846,18:28:20,35,4.4,24.2,7.3,7.8,36.1
1847,18:28:21,35,4.4,24.3,7.2,7.7,36.1
1848,18:28:22,34.9,4.5,24.1,7.4,7.6,36.1
1849,18:28:23,34.9,4.7,23.9,7.7,7.6,36.1
1850,18:28:24,34.9,4.7,23.9,7.7,7.6,36.1
1851,18:28:25,35.1,4.4,24.1,7.4,7.5,36.2
1852,18:28:26,35.1,4.4,24.1,7.4,7.5,36.2
1853,18:28:27,35,4.3,23.9,7.5,7.5,36.2
1854,18:28:28,35.1,4.1,23.8,7.4,7.5,36.2
1855,18:28:29,35.6,4,23.7,7.5,7.4,36.2
1856,18:28:30,33.6,3.9,23.3,7.8,7.5,36.1
1857,18:28:31,33.5,3.9,22.9,8,7.6,36.1
1858,18:28:32,33.5,3.9,22.8,8.1,7.6,36.1
1859,18:28:33,33.5,3.6,23.1,7.8,7.7,36.1
1860,18:28:34,33.5,3.1,22.9,7.7,7.7,36.1
1861,18:28:35,35.4,2.3,23.9,6.5,7.6,36.1
1862,18:28:36,35.4,2.2,24.6,5.8,7.4,36.1
1863,18:28:37,35.4,2.2,24.8,5.6,7.2,36.1
1864,18:28:38,35.4,2.2,24.8,5.6,7,36.1
1865,18:28:39,35.5,2,25.2,5.3,6.8,36.1
1866,18:28:40,35.3,1.8,25.7,4.7,6.5,35.6
1867,18:28:41,35.3,1.7,25.8,4.5,6.2,35.6
1868,18:28:42,35.4,1.8,26.1,4.3,5.8,35.6
1869,18:28:43,35.4,1.9,26.2,4.3,5.4,35.6
1870,18:28:44,35.4,1.8,26.3,4.1,5.1,35.6
1871,18:28:45,35.4,1.4,26.7,3.5,4.8,35.5
1872,18:28:46,35.5,1.4,28.3,2.2,4.4,35.5
1873,18:28:47,35.6,1.6,29.9,1.6,4,35.5
1874,18:28:48,35.6,1.9,30.8,2.1,3.7,35.5
1875,18:28:49,35.6,1.8,31.6,2.4,3.4,35.5
1876,18:28:50,35.6,1.6,32.1,2.6,3.2,35.5
1877,18:28:51,35.5,1.2,32.7,3,3,35.5
1878,18:28:52,35.5,1.2,32.9,3.2,2.9,35.5
1879,18:28:53,35.4,1.4,33.9,4.1,2.9,35.5
1880,18:28:54,35.3,1.4,34.4,4.6,2.9,35.5
1881,18:28:55,35.3,1.2,34.4,4.6,3,35.6
1882,18:28:56,35.3,1.2,34.5,4.7,3.3,35.6
1883,18:28:57,35.2,1.2,34.9,5.1,3.6,35.6
1884,18:28:58,35.1,1.4,35.2,5.3,4,35.6
1885,18:28:59,35,1.4,35.9,6,4.3,35.6
1886,18:29:00,34.7,2.5,36.8,7.3,4.8,35.6
1887,18:29:01,34.3,3.1,38.3,8.9,5.4,35.7
1888,18:29:02,33.9,3.1,39.6,10.1,6.1,35.7
1889,18:29:03,33.9,2.6,39.7,10,6.7,35.7
1890,18:29:04,33.7,2.6,40.4,10.7,7.3,35.7
1891,18:29:05,33.3,3.3,41.4,11.8,8,35.7
1892,18:29:06,33.1,3.5,42.2,12.7,8.8,35.7
1893,18:29:07,33.4,4,42.9,13.5,9.6,35.7
1894,18:29:08,32.4,4.9,44.3,15.1,10.6,35.7
1895,18:29:09,32.2,6.2,45.9,17.1,11.7,35.7
1896,18:29:10,32.1,7,47.2,18.5,12.9,35.9
1897,18:29:11,32.1,6.5,47.4,18.5,13.8,35.9
1898,18:29:12,32.1,6.4,47.5,18.6,14.7,35.9
1899,18:29:13,32,7.1,48.2,19.6,15.6,35.9
1900,18:29:14,32,7.1,48.2,19.6,16.5,35.9
1901,18:29:15,32,7.5,48.7,20.2,17.3,36.1
1902,18:29:16,31.9,9.1,50.2,22.2,18.3,36.1
1903,18:29:17,31.9,10.2,51.5,23.8,19.3,36.1
1904,18:29:18,31.9,9.5,51.2,23.2,20.1,36.1
1905,18:29:19,31.9,8.8,50.5,22.4,20.6,36.1
1906,18:29:20,32.1,8.4,50.4,22.1,21,36.3
1907,18:29:21,32.1,8.7,49.7,21.5,21.3,36.3
1908,18:29:22,32.1,8.2,49.6,21.2,21.6,36.3
1909,18:29:23,32.2,7.8,49.6,21.1,21.7,36.3
1910,18:29:24,32.2,7.5,49.2,20.6,21.8,36.3
1911,18:29:25,31.7,7.1,48.7,20.1,21.8,36.4
1912,18:29:26,31.8,6.4,47.7,18.8,21.5,36.4
1913,18:29:27,31.9,6,47.3,18.3,20.9,36.4
1914,18:29:28,31.9,5.7,46.5,17.5,20.3,36.4
1915,18:29:29,32,5.4,45.3,16.2,19.7,36.4
1916,18:29:30,32.7,5.1,43.7,14.6,19,36.5
1917,18:29:31,32.9,4.8,42.7,13.6,18.2,36.5
1918,18:29:32,33,4.8,41.9,12.8,17.3,36.5
1919,18:29:33,33.2,4.7,41.5,12.4,16.5,36.5
1920,18:29:34,33.4,4.3,40.9,11.8,15.6,36.5
1921,18:29:35,33.6,4.5,40.8,11.8,14.8,36.5
1922,18:29:36,33.5,4.9,40.7,11.8,14.1,36.5
1923,18:29:37,33.6,5.3,40.2,11.5,13.4,36.5
1924,18:29:38,33.6,6,39.7,11.4,12.8,36.5
1925,18:29:39,33.6,6.5,39.4,11.4,12.3,36.5
1926,18:29:40,33.5,6.5,39.2,11.2,12,36.1
1927,18:29:41,33.6,6.5,38.8,11,11.7,36.1
1928,18:29:42,33.6,6.4,38.8,10.9,11.5,36.1
1929,18:29:43,33.6,6.5,38.8,11,11.4,36.1
1930,18:29:44,33.6,6.5,38.8,11,11.3,36.1
1931,18:29:45,33.8,6.5,38.8,11,11.2,36.1
1932,18:29:46,33.8,6.5,38.8,11,11.1,36.1
1933,18:29:47,33.9,6.5,38.7,10.9,11.1,36.1
1934,18:29:48,33.9,6.4,38.6,10.7,11,36.1
1935,18:29:49,33.9,6.7,38.6,10.9,10.9,36.1
1936,18:29:50,33.8,6.6,38.5,10.8,10.9,35.8
1937,18:29:51,33.8,6.7,38.4,10.8,10.9,35.8
1938,18:29:52,33.9,6.6,38.3,10.6,10.8,35.8
1939,18:29:53,33.9,6.6,38.3,10.6,10.8,35.8
1940,18:29:54,33.9,6.6,38.3,10.6,10.8,35.8
1941,18:29:55,34,6.7,38.2,10.6,10.7,35.8
1942,18:29:56,34,6.7,38.3,10.7,10.7,35.8
1943,18:29:57,34.1,6.6,38.1,10.4,10.7,35.8
1944,18:29:58,34.1,6.4,38.2,10.4,10.6,35.8
1945,18:29:59,34.1,6.4,38.3,10.5,10.6,35.8
1946,18:30:00,34.1,6.2,38.3,10.4,10.6,35.6
1947,18:30:01,34.1,6.1,38.5,10.5,10.5,35.6
1948,18:30:02,34.1,6,38.5,10.4,10.5,35.6
1949,18:30:03,34.1,6,38.4,10.3,10.5,35.6
1950,18:30:04,34.2,5.8,38.2,10,10.4,35.6
1951,18:30:05,34.4,5.7,37.9,9.7,10.3,35.6
1952,18:30:06,34.5,6.1,37.7,9.8,10.3,35.6
1953,18:30:07,34.5,5.7,37.7,9.6,10.2,35.6
1954,18:30:08,34.5,5.7,37.7,9.6,10.1,35.6
1955,18:30:09,34.5,5.6,37.8,9.6,10,35.6
1956,18:30:10,34.4,5.4,37.8,9.5,9.9,35.3
1957,18:30:11,34.4,5.4,37.8,9.5,9.8,35.3
1958,18:30:12,34.4,5.4,37.8,9.5,9.7,35.3
1959,18:30:13,34.4,5.2,37.7,9.3,9.6,35.3
1960,18:30:14,34.4,5.1,37.6,9.1,9.5,35.3
1961,18:30:15,34.8,5.1,36.9,8.6,9.4,35.6
1962,18:30:16,34.8,4.5,37.2,8.5,9.3,35.6
1963,18:30:17,34.7,4.4,37.5,8.7,9.2,35.6
1964,18:30:18,34.7,4.4,37.5,8.7,9.1,35.6
1965,18:30:19,34.8,4.2,37.4,8.5,9,35.6
1966,18:30:20,34.7,4.2,37.5,8.6,8.9,35.6
1967,18:30:21,34.6,4.2,37.6,8.7,8.8,35.6
1968,18:30:22,34.6,4.2,37.6,8.7,8.7,35.6
1969,18:30:23,34.6,4.3,37.7,8.8,8.7,35.6
1970,18:30:24,34.6,4.4,37.7,8.9,8.7,35.6
1971,18:30:25,34.6,4.4,37.7,8.9,8.7,35.6
1972,18:30:26,34.6,4.4,37.7,8.9,8.7,35.6
1973,18:30:27,34.6,4.4,37.8,9,8.7,35.6
1974,18:30:28,34.7,4.3,37.6,8.7,8.7,35.6
1975,18:30:29,34.7,4.3,37.6,8.7,8.8,35.6
1976,18:30:30,34.9,4.2,37.5,8.6,8.8,35.8
1977,18:30:31,34.9,4.2,37.5,8.6,8.8,35.8
1978,18:30:32,34.9,4.1,37.5,8.5,8.7,35.8
1979,18:30:33,34.8,4.2,37.6,8.7,8.7,35.8
1980,18:30:34,34.9,4.1,37.5,8.5,8.7,35.8
1981,18:30:35,34.9,4.2,37.4,8.5,8.7,35.8
1982,18:30:36,34.7,4.1,37.5,8.5,8.6,35.9
1983,18:30:37,34.7,4.1,37.4,8.4,8.6,35.9
1984,18:30:38,35.3,4,37.4,8.4,8.5,35.9
1985,18:30:39,34.7,4.1,37.5,8.5,8.5,35.9
1986,18:30:40,35.4,4,37.5,8.5,8.5,36
1987,18:30:41,35.5,4,37.4,8.4,8.5,36
1988,18:30:42,34.9,3.9,37.4,8.3,8.5,36
1989,18:30:43,35,3.6,37.4,8.2,8.4,36
1990,18:30:44,34.9,3.5,37.5,8.3,8.4,36
1991,18:30:45,35,3.4,37.3,8,8.3,35.8
1992,18:30:46,35.1,3.5,37.2,8,8.3,35.8
1993,18:30:47,35.1,3.6,37.1,7.9,8.2,35.8
1994,18:30:48,35,3.9,37.1,8,8.2,35.8
1995,18:30:49,35.5,4,36.9,8,8.2,35.8
1996,18:30:50,34.7,4.1,37.1,8.1,8.1,35.8
1997,18:30:51,34.7,4.1,37.1,8.1,8.1,35.8
1998,18:30:52,34.7,4.1,37.1,8.1,8.1,35.8
1999,18:30:53,34.7,4.2,37.1,8.2,8.1,35.8
2000,18:30:54,34.7,4.2,37.1,8.2,8.1,35.8
2001,18:30:55,34.7,4.2,37.1,8.2,8.1,35.5
2002,18:30:56,34.7,4.2,37.1,8.2,8.1,35.5
2003,18:30:57,34.7,4.1,37.1,8.1,8.1,35.5
2004,18:30:58,34.7,4.2,37.1,8.2,8.2,35.5
2005,18:30:59,34.7,4.2,37.1,8.2,8.2,35.5
2006,18:31:00,34.8,4.3,37.1,8.3,8.2,35.8
2007,18:31:01,34.8,4.4,36.9,8.2,8.2,35.8
2008,18:31:02,35,4.3,36.5,7.8,8.2,35.8
2009,18:31:03,34.9,4.4,36.7,8.1,8.2,35.8
2010,18:31:04,34.9,4.4,36.7,8.1,8.1,35.8
2011,18:31:05,34.8,4.4,36.7,8.1,8.1,35.9
2012,18:31:06,34.8,4.4,36.7,8.1,8.1,35.9
2013,18:31:07,34.8,4.4,36.7,8.1,8.1,35.9
2014,18:31:08,34.8,4.4,36.8,8.1,8.1,35.9
2015,18:31:09,34.8,4.4,36.8,8.1,8.1,35.9
2016,18:31:10,34.9,4.4,36.7,8.1,8.1,36
2017,18:31:11,34.9,4.4,36.7,8.1,8.1,36
2018,18:31:12,34.9,4.3,36.8,8.1,8.1,36
2019,18:31:13,34.9,4.3,36.8,8.1,8.1,36
2020,18:31:14,34.8,4.4,36.8,8.1,8.1,36
2021,18:31:15,34.9,4.4,36.8,8.1,8.1,36
2022,18:31:16,34.8,4.7,36.8,8.3,8.1,36
2023,18:31:17,34.8,4.5,36.9,8.3,8.1,36
2024,18:31:18,34.8,4.8,36.8,8.3,8.2,36
2025,18:31:19,34.8,4.8,36.9,8.4,8.2,36
2026,18:31:20,34.7,4.8,36.9,8.4,8.2,36
2027,18:31:21,34.7,4.8,36.9,8.4,8.3,36
2028,18:31:22,34.8,4.8,36.8,8.3,8.3,36
2029,18:31:23,34.7,5.1,36.8,8.5,8.3,36
2030,18:31:24,34.8,4.9,36.8,8.4,8.4,36
2031,18:31:25,34.8,4.7,36.8,8.3,8.4,36
2032,18:31:26,34.8,4.8,36.8,8.3,8.4,36
2033,18:31:27,34.8,4.7,36.8,8.3,8.4,36
2034,18:31:28,34.8,4.7,36.7,8.2,8.4,36
2035,18:31:29,34.8,4.8,36.7,8.3,8.3,36
2036,18:31:30,34.7,4.8,36.8,8.3,8.3,36.1
2037,18:31:31,34.7,4.8,36.7,8.3,8.3,36.1
2038,18:31:32,34.7,4.8,36.8,8.3,8.3,36.1
2039,18:31:33,34.7,4.8,36.9,8.4,8.3,36.1
2040,18:31:34,34.7,4.7,36.9,8.4,8.3,36.1
2041,18:31:35,34.6,4.7,36.8,8.3,8.3,36
2042,18:31:36,34.6,4.7,36.8,8.3,8.3,36
2043,18:31:37,34.7,5.2,36.5,8.4,8.3,36
2044,18:31:38,34.7,4.8,36.7,8.3,8.3,36
2045,18:31:39,34.7,4.8,36.7,8.3,8.3,36
2046,18:31:40,34.6,4.7,36.7,8.2,8.3,36
2047,18:31:41,34.6,4.8,36.6,8.2,8.3,36
2048,18:31:42,34.6,4.8,36.6,8.2,8.3,36
2049,18:31:43,34.8,4.5,36.3,7.8,8.2,36
2050,18:31:44,34.8,4.4,36.2,7.6,8.1,36
2051,18:31:45,34.5,4.5,36.1,7.6,8.1,35.5
2052,18:31:46,34.5,4.8,36,7.7,8,35.5
2053,18:31:47,34.6,4.5,35.9,7.4,7.9,35.5
2054,18:31:48,34.6,4.5,36,7.5,7.8,35.5
2055,18:31:49,34.6,4.5,36,7.5,7.8,35.5
2056,18:31:50,34.7,4.5,35.9,7.4,7.7,35.8
2057,18:31:51,34.8,4.7,35.7,7.3,7.6,35.8
2058,18:31:52,34.8,4.7,35.6,7.3,7.5,35.8
2059,18:31:53,34.8,5.2,35.4,7.5,7.5,35.8
2060,18:31:54,34.7,5.6,35.3,7.7,7.5,35.8
2061,18:31:55,34.6,6.6,35.3,8.4,7.6,35.8
2062,18:31:56,34.4,7.1,35.8,9.2,7.7,35.8
2063,18:31:57,34.2,7.6,36,9.7,8,35.8
2064,18:31:58,34.1,7.6,36.3,9.9,8.2,35.8
2065,18:31:59,34.1,7.8,36.2,10,8.4,35.8
2066,18:32:00,34.2,7.8,36.2,10,8.7,35.8
2067,18:32:01,34.1,8.1,36.4,10.3,9,35.8
2068,18:32:02,33.9,8.1,36.8,10.6,9.3,35.8
2069,18:32:03,34,7.8,36.9,10.5,9.6,35.8
2070,18:32:04,34,7.7,36.8,10.3,9.9,35.8
